time,app,code2xx,code4xx,code5xx,cpu,memory,replicas,request,response,scale
2016-03-11T17:08:07Z,eight-puzzle,142697,0,0,5.185,27,2,165,7,0
2016-03-11T17:09:07Z,eight-puzzle,143172,0,0,2.91,27,2,150,7,0
2016-03-11T17:10:03Z,eight-puzzle,143623,0,0,1.63,27,2,135,6,0
2016-03-11T17:11:02Z,eight-puzzle,144077,0,0,1.55,27,2,120,6,0
2016-03-11T17:12:01Z,eight-puzzle,144553,0,0,4.885,27,2,75,7,0
2016-03-11T17:12:59Z,eight-puzzle,145032,0,0,3.37,27,2,165,7,0
2016-03-11T17:13:59Z,eight-puzzle,145511,0,0,2.5249999,27,2,120,6,0
2016-03-11T17:14:56Z,eight-puzzle,145982,0,0,1.24,27,2,135,6,0
2016-03-11T17:15:57Z,eight-puzzle,146466,0,0,1.435,27,2,75,6,0
2016-03-11T17:16:55Z,eight-puzzle,146928,0,0,7.2650003,27,2,105,6,0
2016-03-11T17:17:55Z,eight-puzzle,147389,0,0,2.21,27,2,120,6,0
2016-03-11T17:18:53Z,eight-puzzle,147870,0,0,2.5700002,27,2,165,6,0
2016-03-11T17:19:53Z,eight-puzzle,148326,0,0,3.8100002,27,2,150,7,0
2016-03-11T17:20:50Z,eight-puzzle,148797,0,0,8.37,27,2,45,6,0
2016-03-11T17:21:50Z,eight-puzzle,149261,0,0,0.84000003,27,2,120,6,0
2016-03-11T17:22:46Z,eight-puzzle,149726,0,0,3.38,27,2,75,6,0
2016-03-11T17:23:46Z,eight-puzzle,150180,0,0,3.745,27,2,60,7,0
2016-03-11T17:24:42Z,eight-puzzle,150633,0,0,2.8899999,27,2,135,7,0
2016-03-11T17:25:41Z,eight-puzzle,151087,0,0,1.53,27,2,120,6,0
2016-03-11T17:26:40Z,eight-puzzle,151572,0,0,1.7249999,27,2,120,7,0
2016-03-11T17:27:38Z,eight-puzzle,152022,0,0,0.64,27,2,75,7,0
2016-03-11T17:28:38Z,eight-puzzle,152493,0,0,2.105,27,2,90,7,0
2016-03-11T17:29:35Z,eight-puzzle,152968,0,0,2.555,27,2,105,6,0
2016-03-11T17:30:35Z,eight-puzzle,153440,0,0,0.97,27,2,75,7,0
2016-03-11T17:31:31Z,eight-puzzle,153893,0,0,4.595,27,2,135,7,0
2016-03-11T17:32:30Z,eight-puzzle,154358,0,0,3.46,27,2,105,6,0
2016-03-11T17:33:28Z,eight-puzzle,154822,0,0,0.735,27,2,60,7,0
2016-03-11T17:34:27Z,eight-puzzle,155305,0,0,2.025,27,2,60,7,0
2016-03-11T17:35:26Z,eight-puzzle,155780,0,0,0.855,27,2,150,7,0
2016-03-11T17:36:25Z,eight-puzzle,156253,0,0,1.5,27,2,120,7,0
2016-03-11T17:37:24Z,eight-puzzle,156732,0,0,2.98,27,2,135,6,0
2016-03-11T17:38:21Z,eight-puzzle,157187,0,0,3.6,27,2,60,7,0
2016-03-11T17:39:21Z,eight-puzzle,157645,0,0,4.75,27,2,180,7,0
2016-03-11T17:40:17Z,eight-puzzle,158112,0,0,2.28,27,2,60,7,0
2016-03-11T17:41:15Z,eight-puzzle,158581,0,0,3.92,27,2,180,6,0
2016-03-11T17:42:14Z,eight-puzzle,159063,0,0,3.3600001,27,2,135,6,0
2016-03-11T17:43:12Z,eight-puzzle,159512,0,0,8.3,27,2,45,6,0
2016-03-11T17:44:12Z,eight-puzzle,159992,0,0,1.735,27,2,120,7,0
2016-03-11T17:45:09Z,eight-puzzle,160467,0,0,0.985,27,2,180,7,0
2016-03-11T17:46:09Z,eight-puzzle,160935,0,0,3.405,27,2,90,7,0
2016-03-11T17:47:06Z,eight-puzzle,161400,0,0,1.685,27,2,120,7,0
2016-03-11T17:48:05Z,eight-puzzle,161851,0,0,2.315,27,2,105,7,0
2016-03-11T17:49:03Z,eight-puzzle,162323,0,0,9.674999,27,2,150,7,0
2016-03-11T17:50:00Z,eight-puzzle,162777,0,0,4.11,27,2,75,7,0
2016-03-11T17:51:00Z,eight-puzzle,163243,0,0,2.67,26,2,150,7,0
2016-03-11T17:51:57Z,eight-puzzle,163709,0,0,3.415,27,2,150,7,0
2016-03-11T17:52:57Z,eight-puzzle,164179,0,0,1.225,27,2,150,6,0
2016-03-11T17:53:54Z,eight-puzzle,164649,0,0,1.79,27,2,135,7,0
2016-03-11T17:54:55Z,eight-puzzle,165118,0,0,0.855,27,2,60,7,0
2016-03-11T17:55:50Z,eight-puzzle,165564,0,0,1.07,27,2,180,7,0
2016-03-11T17:56:51Z,eight-puzzle,166027,0,0,1.9449999,27,2,135,6,0
2016-03-11T17:57:47Z,eight-puzzle,166483,0,0,0.825,27,2,90,6,0
2016-03-11T17:58:46Z,eight-puzzle,166944,0,0,0.975,27,2,30,6,0
2016-03-11T17:59:45Z,eight-puzzle,167416,0,0,6.2349997,27,2,105,7,0
2016-03-11T18:00:43Z,eight-puzzle,167885,0,0,1.27,27,2,135,6,0
2016-03-11T18:01:43Z,eight-puzzle,168355,0,0,1.58,27,2,105,7,0
2016-03-11T18:02:42Z,eight-puzzle,168831,0,0,0.96999997,27,2,45,6,0
2016-03-11T18:03:41Z,eight-puzzle,169295,0,0,21.6,26,2,105,7,0
2016-03-11T18:04:39Z,eight-puzzle,169753,0,0,2.46,26,2,75,6,0
2016-03-11T18:05:39Z,eight-puzzle,170223,0,0,3.4899998,26,2,45,7,0
2016-03-11T18:06:36Z,eight-puzzle,170685,0,0,1.08,26,2,105,6,0
2016-03-11T18:07:32Z,eight-puzzle,171127,0,0,6.92,25,1,270,7,0
2016-03-11T18:08:30Z,eight-puzzle,171579,0,0,7.06,25,1,240,6,0
2016-03-11T18:09:25Z,eight-puzzle,172033,0,0,4.65,25,1,90,6,0
2016-03-11T18:10:22Z,eight-puzzle,172485,0,0,1.92,25,1,180,6,0
2016-03-11T18:11:17Z,eight-puzzle,172930,0,0,2.63,25,1,210,6,0
2016-03-11T18:12:15Z,eight-puzzle,173392,0,0,2.76,25,1,300,7,0
2016-03-11T18:13:11Z,eight-puzzle,173862,0,0,3.96,25,1,300,6,0
2016-03-11T18:14:06Z,eight-puzzle,174311,0,0,2.99,25,1,210,6,0
2016-03-11T18:15:03Z,eight-puzzle,174756,0,0,6.01,25,1,300,6,0
2016-03-11T18:16:00Z,eight-puzzle,175210,0,0,5.3,25,1,120,6,0
2016-03-11T18:16:56Z,eight-puzzle,175652,0,0,4.26,25,1,90,6,0
2016-03-11T18:17:52Z,eight-puzzle,176111,0,0,1.93,25,1,180,7,0
2016-03-11T18:18:48Z,eight-puzzle,176548,0,0,1.8,25,1,180,7,0
2016-03-11T18:19:45Z,eight-puzzle,177009,0,0,2.11,25,1,210,6,0
2016-03-11T18:20:41Z,eight-puzzle,177454,0,0,1.47,25,1,120,7,0
2016-03-11T18:21:37Z,eight-puzzle,177901,0,0,3.45,25,1,150,7,0
2016-03-11T18:22:32Z,eight-puzzle,178338,0,0,22.83,25,1,240,8,0
2016-03-11T18:23:30Z,eight-puzzle,178792,0,0,1.62,25,1,180,7,0
2016-03-11T18:24:26Z,eight-puzzle,179243,0,0,9.01,25,1,420,7,0
2016-03-11T18:25:22Z,eight-puzzle,179700,0,0,3.58,25,1,180,7,0
2016-03-11T18:26:17Z,eight-puzzle,180120,0,0,1.25,25,1,90,7,0
2016-03-11T18:27:17Z,eight-puzzle,180588,0,0,3.455,30,2,90,6,0
2016-03-11T18:28:17Z,eight-puzzle,181076,0,0,7.7149997,30,2,90,6,0
2016-03-11T18:29:16Z,eight-puzzle,181540,0,0,2.99,30,2,135,6,0
2016-03-11T18:30:19Z,eight-puzzle,182034,0,0,1.955,30,2,105,6,0
2016-03-11T18:31:20Z,eight-puzzle,182522,0,0,1.8199999,30,2,105,6,0
2016-03-11T18:32:19Z,eight-puzzle,182993,0,0,7.695,30,2,120,7,0
2016-03-11T18:33:20Z,eight-puzzle,183497,0,0,6.74,30,2,210,7,0
2016-03-11T18:34:20Z,eight-puzzle,183992,0,0,1.43,30,2,120,7,0
2016-03-11T18:35:20Z,eight-puzzle,184478,0,0,5.4,30,2,90,7,0
2016-03-11T18:36:22Z,eight-puzzle,184986,0,0,3.52,30,2,60,7,0
2016-03-11T18:37:19Z,eight-puzzle,185470,0,0,2.23,24,1,180,7,0
2016-03-11T18:38:15Z,eight-puzzle,185912,0,0,4.07,24,1,150,7,0
2016-03-11T18:39:12Z,eight-puzzle,186353,0,0,6.61,24,1,180,7,0
2016-03-11T18:40:08Z,eight-puzzle,186802,0,0,7.77,24,1,150,6,0
2016-03-11T18:41:04Z,eight-puzzle,187263,0,0,0,24,1,150,6,0
2016-03-11T18:42:00Z,eight-puzzle,187720,0,0,5.97,25,1,90,6,0
2016-03-11T18:42:56Z,eight-puzzle,188155,0,0,4.77,25,1,210,6,0
2016-03-11T18:43:53Z,eight-puzzle,188617,0,0,10.61,25,1,240,6,0
2016-03-11T18:44:49Z,eight-puzzle,189064,0,0,7.21,25,1,240,7,0
2016-03-11T18:45:45Z,eight-puzzle,189512,0,0,9.01,25,1,180,7,0
2016-03-11T18:46:41Z,eight-puzzle,189956,0,0,12.5,24,1,450,7,0
2016-03-11T18:47:38Z,eight-puzzle,190408,0,0,2.07,24,1,270,7,0
2016-03-11T18:48:35Z,eight-puzzle,190869,0,0,12.64,24,1,210,7,0
2016-03-11T18:49:30Z,eight-puzzle,191310,0,0,3.62,24,1,210,7,0
2016-03-11T18:50:26Z,eight-puzzle,191742,0,0,9.15,24,1,270,6,0
2016-03-11T18:51:23Z,eight-puzzle,192193,0,0,7.97,24,1,240,6,0
2016-03-11T18:52:20Z,eight-puzzle,192659,0,0,2.115,28,2,135,6,0
2016-03-11T18:53:22Z,eight-puzzle,193127,0,0,1.145,28,2,75,7,0
2016-03-11T18:54:22Z,eight-puzzle,193620,0,0,1.495,29,2,120,7,0
2016-03-11T18:55:22Z,eight-puzzle,194073,0,0,2.6599998,29,2,60,7,0
2016-03-11T18:56:24Z,eight-puzzle,194558,0,0,1.005,29,2,75,7,0
2016-03-11T18:57:22Z,eight-puzzle,195032,0,0,7.88,24,1,210,7,0
2016-03-11T18:58:20Z,eight-puzzle,195488,0,0,5.34,24,1,150,6,0
2016-03-11T18:59:20Z,eight-puzzle,195969,0,0,4.07,24,1,300,7,0
2016-03-11T19:00:18Z,eight-puzzle,196429,0,0,3.51,24,1,150,7,0
2016-03-11T19:01:18Z,eight-puzzle,196905,0,0,6.29,24,1,60,7,0
2016-03-11T19:02:16Z,eight-puzzle,197389,0,0,6.97,24,1,300,7,0
2016-03-11T19:03:17Z,eight-puzzle,197866,0,0,5.23,24,1,180,7,0
2016-03-11T19:04:15Z,eight-puzzle,198326,0,0,5.44,24,1,300,6,0
2016-03-11T19:05:16Z,eight-puzzle,198782,0,0,5.54,24,1,180,7,0
2016-03-11T19:06:14Z,eight-puzzle,199251,0,0,3.56,24,1,270,6,0
2016-03-11T19:07:14Z,eight-puzzle,199733,0,0,2.32,24,1,180,6,0
2016-03-11T19:08:13Z,eight-puzzle,200207,0,0,4.26,24,1,180,7,0
2016-03-11T19:09:13Z,eight-puzzle,200693,0,0,14.98,24,1,210,7,0
2016-03-11T19:10:11Z,eight-puzzle,201160,0,0,5.36,24,1,240,7,0
2016-03-11T19:11:11Z,eight-puzzle,201641,0,0,2.76,24,1,270,7,0
2016-03-11T19:12:09Z,eight-puzzle,202112,0,0,5.02,24,1,240,7,0
2016-03-11T19:13:09Z,eight-puzzle,202583,0,0,3.33,24,1,210,7,0
2016-03-11T19:14:05Z,eight-puzzle,203058,0,0,3.82,24,1,210,7,0
2016-03-11T19:15:05Z,eight-puzzle,203519,0,0,3.48,24,1,180,7,0
2016-03-11T19:16:02Z,eight-puzzle,203999,0,0,3.22,24,1,150,7,0
2016-03-11T19:17:01Z,eight-puzzle,204461,0,0,4.26,24,1,330,6,0
2016-03-11T19:17:58Z,eight-puzzle,204931,0,0,4.25,24,1,90,7,0
2016-03-11T19:18:56Z,eight-puzzle,205397,0,0,6.5,24,1,180,7,0
2016-03-11T19:19:56Z,eight-puzzle,205878,0,0,4.4,24,1,210,7,0
2016-03-11T19:20:54Z,eight-puzzle,206348,0,0,5.77,24,1,300,6,0
2016-03-11T19:21:54Z,eight-puzzle,206824,0,0,17.17,24,1,210,7,0
2016-03-11T19:22:52Z,eight-puzzle,207294,0,0,5.26,24,1,300,7,0
2016-03-11T19:23:52Z,eight-puzzle,207776,0,0,4.04,24,1,240,6,0
2016-03-11T19:24:51Z,eight-puzzle,208250,0,0,4.26,24,1,180,7,0
2016-03-11T19:25:51Z,eight-puzzle,208723,0,0,5.06,24,1,90,7,0
2016-03-11T19:26:50Z,eight-puzzle,209196,0,0,10.13,24,1,300,6,0
2016-03-11T19:27:50Z,eight-puzzle,209672,0,0,12.82,24,1,210,7,0
2016-03-11T19:28:48Z,eight-puzzle,210143,0,0,8.28,24,1,240,7,0
2016-03-11T19:29:48Z,eight-puzzle,210627,0,0,3.69,23,1,420,7,0
2016-03-11T19:30:46Z,eight-puzzle,211102,0,0,7.54,24,1,300,7,0
2016-03-11T19:31:46Z,eight-puzzle,211569,0,0,3.35,24,1,180,7,0
2016-03-11T19:32:43Z,eight-puzzle,212029,0,0,3.06,24,1,120,6,0
2016-03-11T19:33:43Z,eight-puzzle,212501,0,0,7.5,24,1,240,6,0
2016-03-11T19:34:40Z,eight-puzzle,212959,0,0,2.97,23,1,240,6,0
2016-03-11T19:35:40Z,eight-puzzle,213430,0,0,2.85,23,1,90,7,0
2016-03-11T19:36:37Z,eight-puzzle,213896,0,0,19.4,23,1,360,7,0
2016-03-11T19:37:37Z,eight-puzzle,214378,0,0,3.83,23,1,210,7,0
2016-03-11T19:38:34Z,eight-puzzle,214840,0,0,5.37,23,1,180,7,0
2016-03-11T19:39:34Z,eight-puzzle,215292,0,0,3.14,23,1,150,7,0
2016-03-11T19:40:31Z,eight-puzzle,215758,0,0,11.19,23,1,270,7,0
2016-03-11T19:41:29Z,eight-puzzle,216213,0,0,0.77,23,1,300,7,0
2016-03-11T19:42:27Z,eight-puzzle,216691,0,0,10.73,23,1,210,7,0
2016-03-11T19:43:26Z,eight-puzzle,217148,0,0,3.37,23,1,240,6,0
2016-03-11T19:44:24Z,eight-puzzle,217630,0,0,3.6,23,1,300,6,0
2016-03-11T19:45:22Z,eight-puzzle,218070,0,0,3.24,23,1,240,6,0
2016-03-11T19:46:23Z,eight-puzzle,218552,0,0,2.48,23,1,210,8,0
2016-03-11T19:47:21Z,eight-puzzle,219019,0,0,7.66,23,1,270,7,0
2016-03-11T19:48:21Z,eight-puzzle,219502,0,0,6.22,23,1,210,6,0
2016-03-11T19:49:19Z,eight-puzzle,219969,0,0,3.51,23,1,270,7,0
2016-03-11T19:50:19Z,eight-puzzle,220446,0,0,5.47,23,1,120,7,0
2016-03-11T19:51:17Z,eight-puzzle,220924,0,0,7.23,23,1,330,6,0
2016-03-11T19:52:17Z,eight-puzzle,221390,0,0,6.25,23,1,210,7,0
2016-03-11T19:53:15Z,eight-puzzle,221852,0,0,5.31,23,1,120,7,0
2016-03-11T19:54:16Z,eight-puzzle,222315,0,0,7.49,23,1,240,7,0
2016-03-11T19:55:13Z,eight-puzzle,222770,0,0,11.45,23,1,180,7,0
2016-03-11T19:56:14Z,eight-puzzle,223250,0,0,5.47,23,1,180,7,0
2016-03-11T19:57:12Z,eight-puzzle,223717,0,0,7.47,23,1,180,7,0
2016-03-11T19:58:13Z,eight-puzzle,224200,0,0,2.53,23,1,210,6,0
2016-03-11T19:59:11Z,eight-puzzle,224657,0,0,6.14,23,1,210,6,0
2016-03-11T20:00:12Z,eight-puzzle,225152,0,0,6.63,23,1,240,7,0
2016-03-11T20:01:10Z,eight-puzzle,225631,0,0,4.3,23,1,180,6,0
2016-03-11T20:02:10Z,eight-puzzle,226108,0,0,4.44,23,1,150,7,0
2016-03-11T20:03:09Z,eight-puzzle,226585,0,0,14.21,23,1,300,7,0
2016-03-11T20:04:09Z,eight-puzzle,227065,0,0,7.49,23,1,210,6,0
2016-03-11T20:05:08Z,eight-puzzle,227519,0,0,4.84,23,1,180,7,0
2016-03-11T20:06:08Z,eight-puzzle,227990,0,0,6.37,23,1,270,7,0
2016-03-11T20:07:12Z,eight-puzzle,228502,0,0,4.09,20,1,120,7,0
2016-03-11T20:08:20Z,eight-puzzle,229038,0,0,3.58,19,1,150,7,0
2016-03-11T20:09:20Z,eight-puzzle,229503,0,0,7.67,19,1,240,7,0
2016-03-11T20:10:25Z,eight-puzzle,230027,0,0,1.9,19,1,240,8,0
2016-03-11T20:11:28Z,eight-puzzle,230523,0,0,1.82,19,1,180,8,0
2016-03-11T20:12:26Z,eight-puzzle,231004,0,0,6.33,19,1,300,7,0
2016-03-11T20:13:27Z,eight-puzzle,231481,0,0,4.06,19,1,330,7,0
2016-03-11T20:14:25Z,eight-puzzle,231940,0,0,3.4,19,1,270,7,0
2016-03-11T20:15:25Z,eight-puzzle,232416,0,0,4.56,19,1,240,7,0
2016-03-11T20:16:22Z,eight-puzzle,232874,0,0,3.43,19,1,120,7,0
2016-03-11T20:17:21Z,eight-puzzle,233323,0,0,10.85,19,1,180,6,0
2016-03-11T20:18:20Z,eight-puzzle,233787,0,0,5.46,19,1,180,6,0
2016-03-11T20:19:20Z,eight-puzzle,234284,0,0,4.83,19,1,180,6,0
2016-03-11T20:20:18Z,eight-puzzle,234753,0,0,3.29,19,1,180,6,0
2016-03-11T20:21:18Z,eight-puzzle,235231,0,0,5.95,19,1,300,7,0
2016-03-11T20:22:16Z,eight-puzzle,235703,0,0,4.51,19,1,300,7,0
2016-03-11T20:23:16Z,eight-puzzle,236175,0,0,1.57,19,1,240,7,0
2016-03-11T20:24:15Z,eight-puzzle,236654,0,0,4.76,19,1,270,6,0
2016-03-11T20:25:15Z,eight-puzzle,237115,0,0,4.58,19,1,60,6,0
2016-03-11T20:26:14Z,eight-puzzle,237582,0,0,2.89,19,1,90,7,0
2016-03-11T20:27:14Z,eight-puzzle,238067,0,0,5.85,19,1,300,7,0
2016-03-11T20:28:12Z,eight-puzzle,238527,0,0,3.66,19,1,240,6,0
2016-03-11T20:29:12Z,eight-puzzle,239012,0,0,5.73,19,1,240,7,0
2016-03-11T20:30:09Z,eight-puzzle,239491,0,0,4,19,1,300,7,0
2016-03-11T20:31:08Z,eight-puzzle,239965,0,0,14.21,19,1,330,7,0
2016-03-11T20:32:05Z,eight-puzzle,240428,0,0,2.96,19,1,180,7,0
2016-03-11T20:33:04Z,eight-puzzle,240891,0,0,4.21,19,1,180,7,0
2016-03-11T20:34:02Z,eight-puzzle,241361,0,0,1.69,19,1,120,7,0
2016-03-11T20:35:00Z,eight-puzzle,241796,0,0,12.26,19,1,300,8,0
2016-03-11T20:35:58Z,eight-puzzle,242265,0,0,3.98,19,1,240,7,0
2016-03-11T20:36:56Z,eight-puzzle,242737,0,0,4.12,19,1,150,6,0
2016-03-11T20:37:57Z,eight-puzzle,243215,0,0,2.51,19,1,270,7,0
2016-03-11T20:38:55Z,eight-puzzle,243662,0,0,2.25,19,1,180,7,0
2016-03-11T20:39:54Z,eight-puzzle,244132,0,0,2.52,19,1,180,7,0
2016-03-11T20:40:51Z,eight-puzzle,244605,0,0,3.61,19,1,240,7,0
2016-03-11T20:41:50Z,eight-puzzle,245062,0,0,5.05,19,1,90,6,0
2016-03-11T20:42:48Z,eight-puzzle,245549,0,0,21.47,19,1,270,7,0
2016-03-11T20:43:45Z,eight-puzzle,246006,0,0,4.2,19,1,240,6,0
2016-03-11T20:44:45Z,eight-puzzle,246485,0,0,4.83,19,1,180,7,0
2016-03-11T20:45:43Z,eight-puzzle,246943,0,0,9.34,19,1,210,6,0
2016-03-11T20:46:43Z,eight-puzzle,247427,0,0,2.44,19,1,120,7,0
2016-03-11T20:47:41Z,eight-puzzle,247895,0,0,4.48,19,1,180,7,0
2016-03-11T20:48:41Z,eight-puzzle,248374,0,0,6.86,19,1,240,7,0
2016-03-11T20:49:39Z,eight-puzzle,248830,0,0,1.12,19,1,90,6,0
2016-03-11T20:50:39Z,eight-puzzle,249310,0,0,2.39,19,1,330,6,0
2016-03-11T20:51:38Z,eight-puzzle,249772,0,0,19.26,19,1,210,7,0
2016-03-11T20:52:38Z,eight-puzzle,250255,0,0,6.04,19,1,180,7,0
2016-03-11T20:53:35Z,eight-puzzle,250723,0,0,4.39,19,1,180,6,0
2016-03-11T20:54:30Z,eight-puzzle,251149,0,0,15.84,19,1,240,7,0
2016-03-11T20:55:28Z,eight-puzzle,251617,0,0,5.5,19,1,150,7,0
2016-03-11T20:56:23Z,eight-puzzle,252057,0,0,6.54,19,1,210,6,0
2016-03-11T20:57:20Z,eight-puzzle,252506,0,0,6.78,19,1,180,6,0
2016-03-11T20:58:16Z,eight-puzzle,252944,0,0,13.4,19,1,360,6,0
2016-03-11T20:59:13Z,eight-puzzle,253411,0,0,7.25,19,1,270,6,0
2016-03-11T21:00:09Z,eight-puzzle,253857,0,0,0.48,19,1,60,5,0
2016-03-11T21:01:05Z,eight-puzzle,254320,0,0,2.71,19,1,90,6,0
2016-03-11T21:02:02Z,eight-puzzle,254757,0,0,5.46,19,1,270,6,0
2016-03-11T21:02:59Z,eight-puzzle,255220,0,0,7.11,19,1,240,6,0
2016-03-11T21:03:56Z,eight-puzzle,255687,0,0,7.8,19,1,210,6,0
2016-03-11T21:04:51Z,eight-puzzle,256126,0,0,3.66,19,1,150,6,0
2016-03-11T21:05:48Z,eight-puzzle,256568,0,0,4.68,19,1,240,7,0
2016-03-11T21:06:45Z,eight-puzzle,257015,0,0,1.46,19,1,120,7,0
2016-03-11T21:07:40Z,eight-puzzle,257457,0,0,5.93,19,1,120,7,0
2016-03-11T21:08:36Z,eight-puzzle,257925,0,0,4,19,1,120,7,0
2016-03-11T21:09:32Z,eight-puzzle,258338,0,0,2.54,19,1,120,7,0
2016-03-11T21:10:30Z,eight-puzzle,258796,0,0,4.79,19,1,150,7,0
2016-03-11T21:11:26Z,eight-puzzle,259256,0,0,7.06,19,1,240,7,0
2016-03-11T21:12:22Z,eight-puzzle,259721,0,0,2.51,19,1,210,7,0
2016-03-11T21:13:22Z,eight-puzzle,260205,0,0,5.0249996,28,2,180,7,0
2016-03-11T21:14:23Z,eight-puzzle,260673,0,0,1.595,28,2,90,6,0
2016-03-11T21:15:23Z,eight-puzzle,261151,0,0,3.025,28,2,105,6,0
2016-03-11T21:16:25Z,eight-puzzle,261637,0,0,3.515,28,2,105,6,0
2016-03-11T21:17:26Z,eight-puzzle,262112,0,0,3.4899998,28,2,90,7,0
2016-03-11T21:18:26Z,eight-puzzle,262587,0,0,1.6999999,28,2,120,6,0
2016-03-11T21:19:26Z,eight-puzzle,263077,0,0,3.2150002,28,2,105,6,0
2016-03-11T21:20:24Z,eight-puzzle,263569,0,0,8.39,28,2,135,7,0
2016-03-11T21:21:26Z,eight-puzzle,264052,0,0,1.8,28,2,75,6,0
2016-03-11T21:22:26Z,eight-puzzle,264557,0,0,2.625,28,2,120,7,0
2016-03-11T21:23:28Z,eight-puzzle,265048,0,0,19.79,18,1,240,7,0
2016-03-11T21:24:26Z,eight-puzzle,265511,0,0,3.34,18,1,240,7,0
2016-03-11T21:25:26Z,eight-puzzle,265997,0,0,3.1,19,1,210,7,0
2016-03-11T21:26:24Z,eight-puzzle,266472,0,0,11.74,19,1,270,7,0
2016-03-11T21:27:24Z,eight-puzzle,266941,0,0,1.57,19,1,180,7,0
2016-03-11T21:28:23Z,eight-puzzle,267417,0,0,1.02,19,1,120,7,0
2016-03-11T21:29:23Z,eight-puzzle,267889,0,0,6.87,19,1,120,7,0
2016-03-11T21:30:21Z,eight-puzzle,268358,0,0,2.16,19,1,180,7,0
2016-03-11T21:31:22Z,eight-puzzle,268846,0,0,9.05,19,1,330,7,0
2016-03-11T21:32:21Z,eight-puzzle,269313,0,0,4.67,19,1,240,7,0
2016-03-11T21:33:21Z,eight-puzzle,269782,0,0,4.68,19,1,210,6,0
2016-03-11T21:34:18Z,eight-puzzle,270230,0,0,12.46,19,1,180,7,0
2016-03-11T21:35:17Z,eight-puzzle,270695,0,0,4.46,19,1,180,7,0
2016-03-11T21:36:14Z,eight-puzzle,271169,0,0,7.1,19,1,120,6,0
2016-03-11T21:37:14Z,eight-puzzle,271631,0,0,7.84,19,1,330,7,0
2016-03-11T21:38:11Z,eight-puzzle,272083,0,0,2.18,19,1,210,6,0
2016-03-11T21:39:08Z,eight-puzzle,272529,0,0,4,19,1,180,6,0
2016-03-11T21:40:07Z,eight-puzzle,273003,0,0,3.01,19,1,210,7,0
2016-03-11T21:41:04Z,eight-puzzle,273463,0,0,15.12,19,1,420,7,0
2016-03-11T21:42:04Z,eight-puzzle,273946,0,0,3.46,19,1,240,7,0
2016-03-11T21:43:02Z,eight-puzzle,274390,0,0,8.04,19,1,180,7,0
2016-03-11T21:44:02Z,eight-puzzle,274868,0,0,11.84,19,1,390,7,0
2016-03-11T21:45:00Z,eight-puzzle,275350,0,0,1.36,19,1,210,6,0
2016-03-11T21:46:00Z,eight-puzzle,275811,0,0,3.63,19,1,210,6,0
2016-03-11T21:46:57Z,eight-puzzle,276282,0,0,2.35,19,1,330,6,0
2016-03-11T21:47:56Z,eight-puzzle,276735,0,0,3.28,19,1,330,7,0
2016-03-11T21:48:54Z,eight-puzzle,277219,0,0,8.29,19,1,270,7,0
2016-03-11T21:49:52Z,eight-puzzle,277651,0,0,2.23,19,1,150,7,0
2016-03-11T21:50:53Z,eight-puzzle,278129,0,0,6.22,19,1,240,6,0
2016-03-11T21:51:51Z,eight-puzzle,278608,0,0,3.35,19,1,60,7,0
2016-03-11T21:52:52Z,eight-puzzle,279088,0,0,17.01,19,1,300,6,0
2016-03-11T21:53:50Z,eight-puzzle,279573,0,0,6.55,19,1,240,6,0
2016-03-11T21:54:49Z,eight-puzzle,280045,0,0,11.42,19,1,330,6,0
2016-03-11T21:55:47Z,eight-puzzle,280507,0,0,3.17,19,1,180,6,0
2016-03-11T21:56:47Z,eight-puzzle,280976,0,0,2.63,19,1,210,6,0
2016-03-11T21:57:45Z,eight-puzzle,281452,0,0,9.88,19,1,240,6,0
2016-03-11T21:58:46Z,eight-puzzle,281938,0,0,8.03,19,1,240,7,0
2016-03-11T21:59:44Z,eight-puzzle,282385,0,0,6.1,19,1,90,7,0
2016-03-11T22:00:45Z,eight-puzzle,282854,0,0,4.69,19,1,240,7,0
2016-03-11T22:01:43Z,eight-puzzle,283307,0,0,3.76,19,1,120,7,0
2016-03-11T22:02:42Z,eight-puzzle,283776,0,0,7.7,19,1,270,6,0
2016-03-11T22:03:40Z,eight-puzzle,284252,0,0,4.23,19,1,180,6,0
2016-03-11T22:04:40Z,eight-puzzle,284740,0,0,13.52,19,1,150,6,0
2016-03-11T22:05:39Z,eight-puzzle,285205,0,0,2.33,19,1,150,6,0
2016-03-11T22:06:39Z,eight-puzzle,285679,0,0,4.67,19,1,210,7,0
2016-03-11T22:07:37Z,eight-puzzle,286151,0,0,5.7,19,1,270,7,0
2016-03-11T22:08:37Z,eight-puzzle,286613,0,0,9.33,19,1,330,7,0
2016-03-11T22:09:34Z,eight-puzzle,287087,0,0,5.52,19,1,240,7,0
2016-03-11T22:10:34Z,eight-puzzle,287553,0,0,5.42,19,1,120,6,0
2016-03-11T22:11:32Z,eight-puzzle,288029,0,0,8.26,19,1,330,7,0
2016-03-11T22:12:32Z,eight-puzzle,288492,0,0,9.99,19,1,210,7,0
2016-03-11T22:13:29Z,eight-puzzle,288963,0,0,6.02,19,1,300,6,0
2016-03-11T22:14:27Z,eight-puzzle,289419,0,0,4.19,19,1,240,6,0
2016-03-11T22:15:25Z,eight-puzzle,289899,0,0,2.22,19,1,240,6,0
2016-03-11T22:16:22Z,eight-puzzle,290350,0,0,8.86,19,1,330,6,0
2016-03-11T22:17:22Z,eight-puzzle,290847,0,0,20.6,19,1,330,7,0
2016-03-11T22:18:20Z,eight-puzzle,291292,0,0,1.78,19,1,120,6,0
2016-03-11T22:19:20Z,eight-puzzle,291779,0,0,2.79,19,1,180,7,0
2016-03-11T22:20:19Z,eight-puzzle,292259,0,0,4.61,19,1,150,6,0
2016-03-11T22:21:19Z,eight-puzzle,292731,0,0,2.51,19,1,240,6,0
2016-03-11T22:22:17Z,eight-puzzle,293193,0,0,6.94,19,1,210,7,0
2016-03-11T22:23:18Z,eight-puzzle,293681,0,0,7.27,19,1,150,7,0
2016-03-11T22:24:16Z,eight-puzzle,294130,0,0,3.54,19,1,240,7,0
2016-03-11T22:25:17Z,eight-puzzle,294603,0,0,3.14,19,1,150,7,0
2016-03-11T22:26:15Z,eight-puzzle,295064,0,0,1.72,19,1,210,6,0
2016-03-11T22:27:16Z,eight-puzzle,295542,0,0,3.36,19,1,180,7,0
2016-03-11T22:28:14Z,eight-puzzle,296006,0,0,9.86,19,1,120,7,0
2016-03-11T22:29:14Z,eight-puzzle,296494,0,0,2.18,19,1,150,6,0
2016-03-11T22:30:12Z,eight-puzzle,296958,0,0,8.22,19,1,240,7,0
2016-03-11T22:31:13Z,eight-puzzle,297451,0,0,4.14,19,1,210,7,0
2016-03-11T22:32:11Z,eight-puzzle,297915,0,0,30.94,19,1,90,7,0
2016-03-11T22:33:12Z,eight-puzzle,298407,0,0,3.14,19,1,360,7,0
2016-03-11T22:34:10Z,eight-puzzle,298877,0,0,5.64,19,1,30,6,0
2016-03-11T22:35:10Z,eight-puzzle,299342,0,0,3.61,19,1,270,6,0
2016-03-11T22:36:09Z,eight-puzzle,299814,0,0,4.59,19,1,210,7,0
2016-03-11T22:37:10Z,eight-puzzle,300293,0,0,3.01,19,1,240,6,0
2016-03-11T22:38:08Z,eight-puzzle,300765,0,0,4.34,19,1,210,6,0
2016-03-11T22:39:05Z,eight-puzzle,301244,0,0,4.35,19,1,180,7,0
2016-03-11T22:40:01Z,eight-puzzle,301683,0,0,6.07,19,1,240,7,0
2016-03-11T22:40:57Z,eight-puzzle,302142,0,0,4,19,1,300,7,0
2016-03-11T22:41:53Z,eight-puzzle,302590,0,0,5.76,19,1,330,7,0
2016-03-11T22:42:51Z,eight-puzzle,303044,0,0,5.77,19,1,270,6,0
2016-03-11T22:43:48Z,eight-puzzle,303516,0,0,3.17,19,1,180,7,0
2016-03-11T22:44:43Z,eight-puzzle,303976,0,0,3.48,19,1,270,6,0
2016-03-11T22:45:40Z,eight-puzzle,304420,0,0,2.78,19,1,390,7,0
2016-03-11T22:46:37Z,eight-puzzle,304870,0,0,10.3,19,1,270,6,0
2016-03-11T22:47:33Z,eight-puzzle,305310,0,0,12.94,19,1,270,7,0
2016-03-11T22:48:31Z,eight-puzzle,305779,0,0,3.09,26,2,90,7,0
2016-03-11T22:49:31Z,eight-puzzle,306249,0,0,2.58,27,2,120,7,0
2016-03-11T22:50:32Z,eight-puzzle,306747,0,0,1.22,27,2,75,7,0
2016-03-11T22:51:32Z,eight-puzzle,307229,0,0,3.255,27,2,75,7,0
2016-03-11T22:52:34Z,eight-puzzle,307714,0,0,4.73,27,2,150,7,0
2016-03-11T22:53:34Z,eight-puzzle,308205,0,0,2.9850001,27,2,120,6,0
2016-03-11T22:54:33Z,eight-puzzle,308678,0,0,1.6800001,27,2,165,6,0
2016-03-11T22:55:35Z,eight-puzzle,309187,0,0,1.065,27,2,90,6,0
2016-03-11T22:56:36Z,eight-puzzle,309685,0,0,2.12,27,2,165,6,0
2016-03-11T22:57:36Z,eight-puzzle,310156,0,0,1.55,27,2,45,7,0
2016-03-11T22:58:36Z,eight-puzzle,310635,0,0,4.14,27,3,100,7,0
2016-03-11T22:59:35Z,eight-puzzle,311121,0,0,2.63,27,3,90,7,0
2016-03-11T23:00:37Z,eight-puzzle,311595,0,0,3.8700001,27,3,80,7,0
2016-03-11T23:01:38Z,eight-puzzle,312078,0,0,1.425,27,3,60,7,0
2016-03-11T23:02:38Z,eight-puzzle,312548,0,0,1.0799999,27,3,20,7,0
2016-03-11T23:03:39Z,eight-puzzle,313028,0,0,3.27,27,3,80,7,0
2016-03-11T23:04:38Z,eight-puzzle,313517,0,0,1.375,27,3,60,7,0
2016-03-11T23:05:40Z,eight-puzzle,313999,0,0,1.7349999,27,3,90,6,0
2016-03-11T23:06:41Z,eight-puzzle,314470,0,0,1.755,27,3,90,7,0
2016-03-11T23:07:40Z,eight-puzzle,314961,0,0,4.65,27,3,60,7,0
2016-03-11T23:08:42Z,eight-puzzle,315443,0,0,1.1700001,27,4,45,6,0
2016-03-11T23:09:43Z,eight-puzzle,315927,0,0,4.105,27,4,82,7,0
2016-03-11T23:10:42Z,eight-puzzle,316399,0,0,1.6500001,27,4,22,7,0
2016-03-11T23:11:44Z,eight-puzzle,316896,0,0,0.83,27,4,30,6,0
2016-03-11T23:12:43Z,eight-puzzle,317395,0,0,1.865,27,4,75,7,0
2016-03-11T23:13:44Z,eight-puzzle,317863,0,0,2.8600001,27,4,45,6,0
2016-03-11T23:14:45Z,eight-puzzle,318339,0,0,1.955,27,4,30,7,0
2016-03-11T23:15:44Z,eight-puzzle,318824,0,0,3.31,27,4,52,7,0
2016-03-11T23:16:46Z,eight-puzzle,319317,0,0,5.1850004,27,4,60,7,0
2016-03-11T23:17:47Z,eight-puzzle,319796,0,0,1.15,27,4,82,7,0
2016-03-11T23:18:47Z,eight-puzzle,320284,0,0,9.515,27,4,60,7,0
2016-03-11T23:19:49Z,eight-puzzle,320785,0,0,2.19,27,4,45,7,0
2016-03-11T23:20:49Z,eight-puzzle,321267,0,0,2.03,27,4,75,7,0
2016-03-11T23:21:50Z,eight-puzzle,321751,0,0,1.775,27,4,45,6,0
2016-03-11T23:22:50Z,eight-puzzle,322230,0,0,1.505,27,4,67,6,0
2016-03-11T23:23:49Z,eight-puzzle,322721,0,0,1.395,27,2,60,6,0
2016-03-12T04:48:48Z,eight-puzzle,478618,0,0,6.64,32,1,180,6,0
2016-03-12T04:49:44Z,eight-puzzle,478918,0,0,0,32,1,0,6,0
2016-03-12T04:50:38Z,eight-puzzle,478918,0,0,0,32,1,0,6,0
2016-03-12T04:51:34Z,eight-puzzle,478918,0,0,0,30,1,0,6,0
2016-03-12T04:52:35Z,eight-puzzle,478918,0,0,0,28,1,0,6,0
2016-03-12T04:52:54Z,eight-puzzle,478918,0,0,0,27,1,0,6,0
2016-03-12T04:53:12Z,eight-puzzle,478918,0,0,0,27,1,0,6,0
2016-03-12T04:53:33Z,eight-puzzle,478918,0,0,0,27,1,0,6,0
2016-03-12T04:53:50Z,eight-puzzle,478918,0,0,0,27,1,0,6,0
2016-03-12T04:54:09Z,eight-puzzle,478918,0,0,0,27,1,0,6,0
2016-03-12T04:54:26Z,eight-puzzle,478918,0,0,0,27,1,0,6,0
2016-03-12T04:54:44Z,eight-puzzle,478918,0,0,0,27,1,0,6,0
2016-03-12T04:55:02Z,eight-puzzle,478918,0,0,0,27,1,0,6,0
2016-03-12T04:55:20Z,eight-puzzle,478918,0,0,0,27,1,0,6,0
2016-03-12T04:55:38Z,eight-puzzle,478918,0,0,0,27,1,0,6,0
2016-03-12T04:55:55Z,eight-puzzle,478918,0,0,0,27,1,0,6,0
2016-03-12T04:56:14Z,eight-puzzle,478918,0,0,0,27,1,0,6,0
2016-03-12T04:56:30Z,eight-puzzle,480000,0,0,15.28,61,1,360,20,0
2016-03-12T04:56:50Z,eight-puzzle,481441,0,0,58.1,61,1,2370,8,1
2016-03-12T04:57:06Z,eight-puzzle,482340,0,0,0,61,1,0,7,0
2016-03-12T04:57:25Z,eight-puzzle,482340,0,0,0,61,1,0,7,0
2016-03-12T04:57:42Z,eight-puzzle,483220,0,0,46.38,61,1,1980,100,1
2016-03-12T04:58:01Z,eight-puzzle,484397,0,0,46.7,70,1,2670,19,1
2016-03-12T04:58:19Z,eight-puzzle,485885,0,0,48.57,70,1,2130,9,1
2016-03-12T04:58:37Z,eight-puzzle,487249,0,0,63.73,70,1,2550,9,1
2016-03-12T04:58:56Z,eight-puzzle,488788,0,0,58.51,70,1,2400,8,1
2016-03-12T04:59:12Z,eight-puzzle,490169,0,0,43.57,70,1,2550,7,1
2016-03-12T04:59:31Z,eight-puzzle,491600,0,0,53.01,70,1,2430,9,1
2016-03-12T04:59:48Z,eight-puzzle,493087,0,0,60.07,70,1,2970,9,1
2016-03-12T05:00:07Z,eight-puzzle,494454,0,0,104.16,70,1,2700,9,1
2016-03-12T05:00:25Z,eight-puzzle,496011,0,0,83.85,70,1,2220,9,1
2016-03-12T05:00:43Z,eight-puzzle,497335,0,0,55.13,70,1,2160,7,1
2016-03-12T05:01:02Z,eight-puzzle,498904,0,0,58.9,70,1,2220,7,1
2016-03-12T05:01:19Z,eight-puzzle,500297,0,0,78.03,70,1,2520,8,1
2016-03-12T05:01:38Z,eight-puzzle,501773,0,0,79.99,70,1,2550,7,1
2016-03-12T05:01:55Z,eight-puzzle,503251,0,0,67.39,70,1,2550,7,1
2016-03-12T05:02:14Z,eight-puzzle,504659,0,0,86.31,70,1,2550,8,1
2016-03-12T05:02:32Z,eight-puzzle,506202,0,0,71.02,70,1,2610,9,1
2016-03-12T05:02:50Z,eight-puzzle,507500,0,0,40.61,70,1,2280,8,1
2016-03-12T05:03:09Z,eight-puzzle,509036,0,0,48.43,70,1,2310,9,1
2016-03-12T05:03:26Z,eight-puzzle,510411,0,0,72.41,70,1,2160,7,1
2016-03-12T05:03:45Z,eight-puzzle,511914,0,0,43.41,70,1,2130,9,1
2016-03-12T05:04:02Z,eight-puzzle,513351,0,0,45.02,70,1,2760,8,1
2016-03-12T05:04:21Z,eight-puzzle,514764,0,0,48.01,70,1,2280,7,1
2016-03-12T05:04:38Z,eight-puzzle,516300,0,0,46.51,68,1,2280,7,1
2016-03-12T05:04:56Z,eight-puzzle,517561,0,0,49.08,68,1,1800,8,1
2016-03-12T05:05:15Z,eight-puzzle,519105,0,0,53.72,68,1,2370,7,1
2016-03-12T05:05:31Z,eight-puzzle,520475,0,0,60,68,1,2430,8,1
2016-03-12T05:05:50Z,eight-puzzle,521894,0,0,79.24,68,1,2400,7,1
2016-03-12T05:06:07Z,eight-puzzle,523436,0,0,59.7,68,1,2460,7,1
2016-03-12T05:06:25Z,eight-puzzle,524673,0,0,49.18,68,1,2610,6,1
2016-03-12T05:06:44Z,eight-puzzle,526248,0,0,77.51,68,1,2760,9,1
2016-03-12T05:07:01Z,eight-puzzle,527634,0,0,51.51,66,1,2370,7,1
2016-03-12T05:07:20Z,eight-puzzle,529106,0,0,78.48,66,1,2370,7,1
2016-03-12T05:07:36Z,eight-puzzle,530551,0,0,95.86,67,1,2310,8,1
2016-03-12T05:07:56Z,eight-puzzle,531951,0,0,70.99,67,1,2340,8,1
2016-03-12T05:08:14Z,eight-puzzle,533480,0,0,55.97,67,1,2220,7,1
2016-03-12T05:08:31Z,eight-puzzle,534784,0,0,55.68,67,1,2430,7,1
2016-03-12T05:08:50Z,eight-puzzle,536373,0,0,43.56,67,1,2370,8,1
2016-03-12T05:09:07Z,eight-puzzle,537756,0,0,61.64,67,1,2490,9,1
2016-03-12T05:09:26Z,eight-puzzle,539173,0,0,72.82,67,1,2730,10,1
2016-03-12T05:09:43Z,eight-puzzle,540679,0,0,58.06,65,1,2520,8,1
2016-03-12T05:10:02Z,eight-puzzle,542070,0,0,43.36,65,1,2580,7,1
2016-03-12T05:10:20Z,eight-puzzle,543586,0,0,45.95,65,1,2010,7,1
2016-03-12T05:10:38Z,eight-puzzle,544901,0,0,76.54,65,1,2340,9,1
2016-03-12T05:10:57Z,eight-puzzle,546494,0,0,66.3,65,1,2250,8,1
2016-03-12T05:11:14Z,eight-puzzle,547896,0,0,34.01,65,1,2070,7,1
2016-03-12T05:11:33Z,eight-puzzle,549383,0,0,53.46,65,1,1890,9,1
2016-03-12T05:11:49Z,eight-puzzle,550832,0,0,58,67,1,2880,8,1
2016-03-12T05:12:09Z,eight-puzzle,552224,0,0,63.23,63,1,2160,7,1
2016-03-12T05:12:26Z,eight-puzzle,553772,0,0,71.31,63,1,2310,8,1
2016-03-12T05:12:45Z,eight-puzzle,555098,0,0,37.34,63,1,2010,7,1
2016-03-12T05:13:03Z,eight-puzzle,556664,0,0,50.93,63,1,2340,8,1
2016-03-12T05:13:20Z,eight-puzzle,558004,0,0,63.34,63,1,2640,8,1
2016-03-12T05:13:39Z,eight-puzzle,559501,0,0,41.01,63,1,2280,8,1
2016-03-12T05:13:56Z,eight-puzzle,560925,0,0,71.41,63,1,2280,8,1
2016-03-12T05:14:15Z,eight-puzzle,562294,0,0,88.16,63,1,2190,8,1
2016-03-12T05:14:33Z,eight-puzzle,563824,0,0,72.1,61,1,2040,8,1
2016-03-12T05:14:50Z,eight-puzzle,565148,0,0,60.53,61,1,2220,8,1
2016-03-12T05:15:09Z,eight-puzzle,566718,0,0,85.94,61,1,2280,8,1
2016-03-12T05:15:25Z,eight-puzzle,568102,0,0,83.79,61,1,2670,8,1
2016-03-12T05:15:45Z,eight-puzzle,569497,0,0,49.68,61,1,2160,7,1
2016-03-12T05:16:02Z,eight-puzzle,571013,0,0,49.63,61,1,2700,8,1
2016-03-12T05:16:20Z,eight-puzzle,572288,0,0,54.24,61,1,2580,6,1
2016-03-12T05:16:39Z,eight-puzzle,573872,0,0,43.84,61,1,2100,7,1
2016-03-12T05:16:55Z,eight-puzzle,575277,0,0,76.24,61,1,2670,8,1
2016-03-12T05:17:15Z,eight-puzzle,576714,0,0,46.09,61,1,1950,7,1
2016-03-12T05:17:32Z,eight-puzzle,578244,0,0,58.13,61,1,2280,8,1
2016-03-12T05:17:51Z,eight-puzzle,579642,0,0,0,61,1,2370,8,1
2016-03-12T05:18:09Z,eight-puzzle,581159,0,0,101.41,61,1,2400,9,1
2016-03-12T05:18:27Z,eight-puzzle,582473,0,0,38.34,61,1,1890,7,1
2016-03-12T05:18:46Z,eight-puzzle,584045,0,0,49.19,61,1,2370,8,1
2016-03-12T05:19:02Z,eight-puzzle,585422,0,0,52.48,61,1,2190,8,1
2016-03-12T05:19:21Z,eight-puzzle,586857,0,0,81.16,61,1,2760,8,1
2016-03-12T05:19:38Z,eight-puzzle,588347,0,0,75.3,61,1,2400,8,1
2016-03-12T05:19:57Z,eight-puzzle,589699,0,0,58.23,61,1,2100,7,1
2016-03-12T05:20:15Z,eight-puzzle,591270,0,0,77.91,61,1,2550,7,1
2016-03-12T05:20:33Z,eight-puzzle,592605,0,0,51.13,61,1,2220,7,1
2016-03-12T05:20:52Z,eight-puzzle,594190,0,0,49.2,61,1,2220,9,1
2016-03-12T05:21:08Z,eight-puzzle,595561,0,0,81.71,61,1,2250,8,1
2016-03-12T05:21:28Z,eight-puzzle,597020,0,0,73.39,61,1,2160,8,1
2016-03-12T05:21:45Z,eight-puzzle,598530,0,0,53.74,61,1,2280,7,1
2016-03-12T05:22:04Z,eight-puzzle,599896,0,0,79.71,59,1,2550,9,1
2016-03-12T05:22:22Z,eight-puzzle,601424,0,0,38.32,60,1,2310,7,1
2016-03-12T05:22:39Z,eight-puzzle,602719,0,0,46.85,60,1,2100,7,1
2016-03-12T05:22:58Z,eight-puzzle,604273,0,0,53.1,59,1,2430,9,1
2016-03-12T05:23:15Z,eight-puzzle,605635,0,0,52.18,59,1,2430,8,1
2016-03-12T05:23:34Z,eight-puzzle,607112,0,0,63.23,59,1,2490,8,1
2016-03-12T05:23:51Z,eight-puzzle,608559,0,0,46.09,59,1,1860,7,1
2016-03-12T05:24:10Z,eight-puzzle,609943,0,0,44.28,59,1,2280,7,1
2016-03-12T05:24:28Z,eight-puzzle,611502,0,0,43.5,60,1,2220,9,1
2016-03-12T05:24:46Z,eight-puzzle,612814,0,0,47.62,59,1,2460,7,1
2016-03-12T05:25:05Z,eight-puzzle,614370,0,0,46.13,59,1,2010,8,1
2016-03-12T05:25:22Z,eight-puzzle,615765,0,0,33.23,59,1,2370,8,1
2016-03-12T05:25:41Z,eight-puzzle,617228,0,0,77.82,59,1,2370,8,1
2016-03-12T05:25:57Z,eight-puzzle,618697,0,0,71.86,59,1,2670,8,1
2016-03-12T05:26:17Z,eight-puzzle,620126,0,0,66.85,59,1,2550,7,1
2016-03-12T05:26:35Z,eight-puzzle,621667,0,0,64.77,59,1,2340,8,1
2016-03-12T05:26:52Z,eight-puzzle,622963,0,0,49.55,59,1,2280,7,1
2016-03-12T05:27:11Z,eight-puzzle,624528,0,0,51.36,59,1,2820,7,1
2016-03-12T05:27:27Z,eight-puzzle,625913,0,0,69.59,59,1,2640,7,1
2016-03-12T05:27:46Z,eight-puzzle,627307,0,0,32.83,59,1,2490,8,1
2016-03-12T05:28:04Z,eight-puzzle,628827,0,0,38.16,59,1,2310,9,1
2016-03-12T05:28:22Z,eight-puzzle,630131,0,0,61.89,59,1,2280,7,1
2016-03-12T05:28:41Z,eight-puzzle,631691,0,0,51.68,59,1,2010,7,1
2016-03-12T05:28:58Z,eight-puzzle,633032,0,0,114.95,59,1,2280,9,1
2016-03-12T05:29:17Z,eight-puzzle,634559,0,0,61.64,59,1,2160,7,1
2016-03-12T05:29:33Z,eight-puzzle,635982,0,0,71.74,59,1,2640,9,1
2016-03-12T05:29:52Z,eight-puzzle,637407,0,0,54.27,59,1,2280,8,1
2016-03-12T05:30:10Z,eight-puzzle,638904,0,0,53.53,59,1,2640,8,1
2016-03-12T05:30:28Z,eight-puzzle,640198,0,0,63.19,59,1,2310,8,1
2016-03-12T05:30:47Z,eight-puzzle,641766,0,0,64,59,1,2670,7,1
2016-03-12T05:31:04Z,eight-puzzle,643135,0,0,39.33,59,1,2370,7,1
2016-03-12T05:31:23Z,eight-puzzle,644605,0,0,52.9,59,1,2400,7,1
2016-03-12T05:31:39Z,eight-puzzle,646029,0,0,67.01,59,1,2520,7,1
2016-03-12T05:31:59Z,eight-puzzle,647468,0,0,51.48,59,1,2400,8,1
2016-03-12T05:32:17Z,eight-puzzle,648953,0,0,57.74,59,1,2520,8,1
2016-03-12T05:32:34Z,eight-puzzle,650249,0,0,54.25,59,1,1890,8,1
2016-03-12T05:32:54Z,eight-puzzle,651814,0,0,53.14,59,1,2250,7,1
2016-03-12T05:33:10Z,eight-puzzle,653185,0,0,60.22,59,1,2910,8,1
2016-03-12T05:33:29Z,eight-puzzle,654685,0,0,62.87,59,1,2310,9,1
2016-03-12T05:33:46Z,eight-puzzle,656159,0,0,51.28,59,1,3120,8,1
2016-03-12T05:34:05Z,eight-puzzle,656551,0,0,0,59,1,0,8,0
2016-03-12T05:34:22Z,eight-puzzle,656551,0,0,0,59,1,0,8,0
2016-03-12T05:34:40Z,eight-puzzle,656551,0,0,0,59,1,0,8,0
2016-03-12T05:34:58Z,eight-puzzle,656551,0,0,0,59,1,0,8,0
2016-03-12T05:35:16Z,eight-puzzle,657885,0,0,36.97,70,1,1380,13,1
2016-03-12T05:35:35Z,eight-puzzle,659119,0,0,65.71,70,1,2010,10,1
2016-03-12T05:35:51Z,eight-puzzle,659795,0,0,0,70,1,0,8,0
2016-03-12T05:36:10Z,eight-puzzle,659795,0,0,0,70,1,0,8,0
2016-03-12T05:36:27Z,eight-puzzle,659795,0,0,0,70,1,0,8,0
2016-03-12T05:36:45Z,eight-puzzle,659795,0,0,0,70,1,0,8,0
2016-03-12T05:37:01Z,eight-puzzle,659795,0,0,0,70,1,0,8,0
2016-03-12T05:37:20Z,eight-puzzle,659795,0,0,0,70,1,0,8,0
2016-03-12T05:37:36Z,eight-puzzle,659795,0,0,0,70,1,0,8,0
2016-03-12T05:37:55Z,eight-puzzle,660982,0,0,14.87,70,1,330,12,0
2016-03-12T05:38:13Z,eight-puzzle,662534,0,0,48.09,70,1,1890,8,1
2016-03-12T05:38:31Z,eight-puzzle,663820,0,0,47.29,70,1,2340,6,1
2016-03-12T05:38:50Z,eight-puzzle,665357,0,0,90.89,70,1,2220,8,1
2016-03-12T05:39:07Z,eight-puzzle,666761,0,0,74.91,70,1,2370,8,1
2016-03-12T05:39:26Z,eight-puzzle,668189,0,0,56.33,70,1,2430,7,1
2016-03-12T05:39:43Z,eight-puzzle,669680,0,0,43.55,70,1,2100,7,1
2016-03-12T05:40:02Z,eight-puzzle,671117,0,0,72.77,70,1,2280,8,1
2016-03-12T05:40:19Z,eight-puzzle,672654,0,0,43.04,70,1,2310,7,1
2016-03-12T05:40:37Z,eight-puzzle,673904,0,0,58.1,70,1,2220,8,1
2016-03-12T05:40:56Z,eight-puzzle,675431,0,0,50.59,70,1,1920,8,1
2016-03-12T05:41:13Z,eight-puzzle,676843,0,0,39.5,70,1,2190,7,1
2016-03-12T05:41:32Z,eight-puzzle,678293,0,0,92.68,70,1,2370,9,1
2016-03-12T05:41:49Z,eight-puzzle,679807,0,0,47.62,70,1,2040,7,1
2016-03-12T05:42:08Z,eight-puzzle,681206,0,0,61.33,70,1,2430,7,1
2016-03-12T05:42:26Z,eight-puzzle,682739,0,0,80.85,70,1,2640,8,1
2016-03-12T05:42:44Z,eight-puzzle,684025,0,0,38.13,69,1,2430,7,1
2016-03-12T05:43:03Z,eight-puzzle,685609,0,0,62.75,69,1,2670,8,1
2016-03-12T05:43:19Z,eight-puzzle,687020,0,0,73.89,69,1,2400,7,1
2016-03-12T05:43:39Z,eight-puzzle,688454,0,0,65.29,69,1,2640,7,1
2016-03-12T05:43:55Z,eight-puzzle,689931,0,0,52.94,69,1,1980,8,1
2016-03-12T05:44:15Z,eight-puzzle,691347,0,0,53.94,69,1,2400,7,1
2016-03-12T05:44:32Z,eight-puzzle,692944,0,0,36.99,69,1,2250,9,1
2016-03-12T05:44:51Z,eight-puzzle,694231,0,0,64.62,69,1,2070,8,1
2016-03-12T05:45:10Z,eight-puzzle,695775,0,0,52.19,69,1,2250,8,1
2016-03-12T05:45:27Z,eight-puzzle,697171,0,0,60.92,66,1,2370,8,1
2016-03-12T05:45:46Z,eight-puzzle,698711,0,0,70.63,66,1,2310,7,1
2016-03-12T05:46:02Z,eight-puzzle,700113,0,0,52.79,66,1,2400,8,1
2016-03-12T05:46:21Z,eight-puzzle,701512,0,0,55.01,66,1,2370,7,1
2016-03-12T05:46:39Z,eight-puzzle,703035,0,0,45.02,66,1,2520,7,1
2016-03-12T05:46:57Z,eight-puzzle,704294,0,0,40.13,66,1,2580,7,1
2016-03-12T05:47:16Z,eight-puzzle,705853,0,0,0,66,1,2130,8,1
2016-03-12T05:47:31Z,eight-puzzle,707235,0,0,105.2,66,1,2340,10,1
2016-03-12T05:47:51Z,eight-puzzle,708676,0,0,75.57,64,1,2100,8,1
2016-03-12T05:48:08Z,eight-puzzle,710180,0,0,47.99,64,1,2430,8,1
2016-03-12T05:48:26Z,eight-puzzle,711500,0,0,46.62,64,1,2220,8,1
2016-03-12T05:48:45Z,eight-puzzle,713040,0,0,57.08,64,1,2250,8,1
2016-03-12T05:49:03Z,eight-puzzle,714367,0,0,107.85,64,1,2070,8,1
2016-03-12T05:49:22Z,eight-puzzle,715925,0,0,59.48,64,1,2430,7,1
2016-03-12T05:49:38Z,eight-puzzle,717307,0,0,64.45,64,1,2610,7,1
2016-03-12T05:49:57Z,eight-puzzle,718744,0,0,63.26,64,1,2010,8,1
2016-03-12T05:50:14Z,eight-puzzle,720212,0,0,68.76,64,1,2490,7,1
2016-03-12T05:50:33Z,eight-puzzle,721568,0,0,76.14,62,1,2880,8,1
2016-03-12T05:50:51Z,eight-puzzle,723097,0,0,45.91,62,1,2370,8,1
2016-03-12T05:51:09Z,eight-puzzle,724427,0,0,55.74,62,1,2220,8,1
2016-03-12T05:51:28Z,eight-puzzle,725973,0,0,69.44,62,1,2160,8,1
2016-03-12T05:51:44Z,eight-puzzle,727361,0,0,72.85,62,1,2280,7,1
2016-03-12T05:52:03Z,eight-puzzle,728191,0,0,0,62,1,570,11,0
2016-03-12T05:52:20Z,eight-puzzle,728371,0,0,0,70,1,0,16,0
2016-03-12T05:52:39Z,eight-puzzle,729811,0,0,60.38,70,1,1800,12,1
2016-03-12T05:52:57Z,eight-puzzle,731382,0,0,67.41,70,1,2430,8,1
2016-03-12T05:53:15Z,eight-puzzle,732719,0,0,45.71,69,1,1980,7,1
2016-03-12T05:53:34Z,eight-puzzle,734284,0,0,56.83,69,1,2460,8,1
2016-03-12T05:53:50Z,eight-puzzle,735688,0,0,58.06,69,1,2490,9,1
2016-03-12T05:54:09Z,eight-puzzle,737095,0,0,73.9,69,1,2220,9,1
2016-03-12T05:54:27Z,eight-puzzle,738609,0,0,76.67,69,1,2340,8,1
2016-03-12T05:54:44Z,eight-puzzle,739479,0,0,0,69,1,0,8,0
2016-03-12T05:55:03Z,eight-puzzle,739479,0,0,0,69,1,0,8,0
2016-03-12T05:55:20Z,eight-puzzle,739479,0,0,0,69,1,0,8,0
2016-03-12T05:55:39Z,eight-puzzle,739479,0,0,0,69,1,0,8,0
2016-03-12T05:55:55Z,eight-puzzle,739479,0,0,0,69,1,0,8,0
2016-03-12T05:56:14Z,eight-puzzle,739479,0,0,0,69,1,0,8,0
2016-03-12T05:56:30Z,eight-puzzle,739479,0,0,0,69,1,0,8,0
2016-03-12T05:56:49Z,eight-puzzle,739479,0,0,0,69,1,0,8,0
2016-03-12T05:57:04Z,eight-puzzle,739479,0,0,0,69,1,0,8,0
2016-03-12T05:57:23Z,eight-puzzle,739479,0,0,0,69,1,0,8,0
2016-03-12T05:57:40Z,eight-puzzle,739479,0,0,0,69,1,0,8,0
2016-03-12T05:57:59Z,eight-puzzle,740803,0,0,38.81,74,1,1710,94,1
2016-03-12T05:58:17Z,eight-puzzle,742348,0,0,75.93,74,1,3000,12,1
2016-03-12T05:58:36Z,eight-puzzle,743768,0,0,69.16,74,1,2430,10,1
2016-03-12T05:58:54Z,eight-puzzle,745033,0,0,81.71,74,1,2100,8,1
2016-03-12T05:59:12Z,eight-puzzle,745033,0,0,0,74,1,0,8,0
2016-03-12T05:59:30Z,eight-puzzle,745033,0,0,0,74,1,0,8,0
2016-03-12T05:59:47Z,eight-puzzle,745033,0,0,0,74,1,0,8,0
2016-03-12T06:00:06Z,eight-puzzle,745033,0,0,0,74,1,0,8,0
2016-03-12T06:00:23Z,eight-puzzle,745033,0,0,0,74,1,0,8,0
2016-03-12T06:00:41Z,eight-puzzle,745033,0,0,0,74,1,0,8,0
2016-03-12T06:00:58Z,eight-puzzle,745033,0,0,0,74,1,0,8,0
2016-03-12T06:01:17Z,eight-puzzle,745033,0,0,0,74,1,0,8,0
2016-03-12T06:01:33Z,eight-puzzle,745033,0,0,0,74,1,0,8,0
2016-03-12T06:01:52Z,eight-puzzle,745033,0,0,0,74,1,0,8,0
2016-03-12T06:02:08Z,eight-puzzle,745033,0,0,0,74,1,0,8,0
2016-03-12T06:02:26Z,eight-puzzle,745033,0,0,0,74,1,0,8,0
2016-03-12T06:02:42Z,eight-puzzle,745033,0,0,0,74,1,0,8,0
2016-03-12T06:03:02Z,eight-puzzle,746033,0,0,0,74,1,2970,60,1
2016-03-12T06:03:19Z,eight-puzzle,747333,0,0,66.73,74,1,2790,11,1
2016-03-12T06:03:37Z,eight-puzzle,748611,0,0,56.87,74,1,2310,7,1
2016-03-12T06:03:56Z,eight-puzzle,750171,0,0,62.71,74,1,2370,6,1
2016-03-12T06:04:13Z,eight-puzzle,751498,0,0,31.44,74,1,2070,6,1
2016-03-12T06:04:32Z,eight-puzzle,753387,0,0,61.13,74,1,1980,23,1
2016-03-12T06:04:49Z,eight-puzzle,755567,0,0,82.96,74,1,3840,10,1
2016-03-12T06:05:08Z,eight-puzzle,757984,0,0,69.85,73,1,4290,148,1
2016-03-12T06:05:25Z,eight-puzzle,761090,0,0,125.33,91,1,5040,27,1
2016-03-12T06:05:44Z,eight-puzzle,763644,0,0,90.77,92,1,4410,16,1
2016-03-12T06:06:03Z,eight-puzzle,766795,0,0,101.7,92,1,4950,14,1
2016-03-12T06:06:20Z,eight-puzzle,769527,0,0,133.32,91,1,4560,13,1
2016-03-12T06:06:39Z,eight-puzzle,772540,0,0,114.9,91,1,4710,16,1
2016-03-12T06:06:56Z,eight-puzzle,775469,0,0,118.62,91,1,5190,20,1
2016-03-12T06:07:15Z,eight-puzzle,778295,0,0,0,91,1,5190,22,1
2016-03-12T06:07:33Z,eight-puzzle,781394,0,0,122.97,91,1,4800,13,1
2016-03-12T06:07:51Z,eight-puzzle,784060,0,0,132.33,91,1,5040,23,1
2016-03-12T06:08:11Z,eight-puzzle,787253,0,0,142.02,91,1,4680,19,1
2016-03-12T06:08:27Z,eight-puzzle,787638,0,0,0,91,1,0,18,0
2016-03-12T06:08:46Z,eight-puzzle,787638,0,0,0,91,1,0,18,0
2016-03-12T06:09:01Z,eight-puzzle,787638,0,0,0,91,1,0,18,0
2016-03-12T06:09:20Z,eight-puzzle,787638,0,0,0,26,1,0,18,0
2016-03-12T06:09:37Z,eight-puzzle,787638,0,0,0,26,1,0,18,0
2016-03-12T06:09:56Z,eight-puzzle,787638,0,0,0,26,1,0,18,0
2016-03-12T06:10:13Z,eight-puzzle,787638,0,0,0,26,1,0,18,0
2016-03-12T06:10:31Z,eight-puzzle,787638,0,0,0,26,1,0,18,0
2016-03-12T06:10:49Z,eight-puzzle,787638,0,0,0,26,1,0,18,0
2016-03-12T06:11:06Z,eight-puzzle,787638,0,0,0,26,1,0,18,0
2016-03-12T06:11:25Z,eight-puzzle,787638,0,0,0,26,1,0,18,0
2016-03-12T06:11:42Z,eight-puzzle,787638,0,0,0,26,1,0,18,0
2016-03-12T06:12:01Z,eight-puzzle,787638,0,0,0,26,1,0,18,0
2016-03-12T06:12:18Z,eight-puzzle,787638,0,0,0,26,1,0,18,0
2016-03-12T06:12:37Z,eight-puzzle,787638,0,0,0,26,1,0,18,0
2016-03-12T06:12:53Z,eight-puzzle,787638,0,0,0,26,1,0,18,0
2016-03-12T06:13:12Z,eight-puzzle,787638,0,0,0,26,1,0,18,0
2016-03-12T06:13:29Z,eight-puzzle,787638,0,0,0,26,1,0,18,0
2016-03-12T06:13:48Z,eight-puzzle,787638,0,0,0,26,1,0,18,0
2016-03-12T06:14:04Z,eight-puzzle,790326,0,0,80.78,127,1,3930,1135,1
2016-03-12T06:14:23Z,eight-puzzle,792856,0,0,67.97,127,1,3660,29,1
2016-03-12T06:14:41Z,eight-puzzle,795967,0,0,113.3,127,1,4380,24,1
2016-03-12T06:14:59Z,eight-puzzle,798551,0,0,116.43,127,1,4590,19,1
2016-03-12T06:15:18Z,eight-puzzle,801661,0,0,125.04,127,1,4830,21,1
2016-03-12T06:15:34Z,eight-puzzle,804442,0,0,116.82,127,1,4710,29,1
2016-03-12T06:15:54Z,eight-puzzle,807464,0,0,112.26,127,1,4230,19,1
2016-03-12T06:16:11Z,eight-puzzle,810452,0,0,104.12,127,1,4290,20,1
2016-03-12T06:16:30Z,eight-puzzle,813256,0,0,137.17,127,1,5160,22,1
2016-03-12T06:16:49Z,eight-puzzle,816305,0,0,105.19,127,1,4920,14,1
2016-03-12T06:17:07Z,eight-puzzle,819017,0,0,0,127,1,4800,54,1
2016-03-12T06:17:26Z,eight-puzzle,822112,0,0,94.46,127,1,4830,16,1
2016-03-12T06:17:42Z,eight-puzzle,824901,0,0,0,127,1,4350,12,1
2016-03-12T06:18:01Z,eight-puzzle,827740,0,0,115.79,127,1,5160,22,1
2016-03-12T06:18:20Z,eight-puzzle,830809,0,0,120.31,127,1,4500,15,1
2016-03-12T06:18:37Z,eight-puzzle,833428,0,0,126.46,127,1,4950,14,1
2016-03-12T06:18:57Z,eight-puzzle,836570,0,0,105.25,127,1,5190,14,1
2016-03-12T06:19:13Z,eight-puzzle,839463,0,0,160.23,127,1,5280,14,1
2016-03-12T06:19:33Z,eight-puzzle,842309,0,0,112.83,127,1,5010,16,1
2016-03-12T06:19:50Z,eight-puzzle,845364,0,0,100.55,117,1,4890,18,1
2016-03-12T06:20:08Z,eight-puzzle,847947,0,0,121.36,117,1,4680,13,1
2016-03-12T06:20:27Z,eight-puzzle,851058,0,0,108.63,117,1,4560,22,1
2016-03-12T06:20:44Z,eight-puzzle,853859,0,0,93.27,117,1,5850,14,1
2016-03-12T06:21:03Z,eight-puzzle,856679,0,0,128.28,118,1,4350,33,1
2016-03-12T06:21:20Z,eight-puzzle,859547,0,0,107.1,119,1,5220,14,1
2016-03-12T06:21:40Z,eight-puzzle,862144,0,0,116.55,119,1,4590,22,1
2016-03-12T06:21:58Z,eight-puzzle,865102,0,0,92.17,119,1,4590,14,1
2016-03-12T06:22:16Z,eight-puzzle,867681,0,0,106.73,110,1,4410,14,1
2016-03-12T06:22:35Z,eight-puzzle,870636,0,0,0,110,1,4320,13,1
2016-03-12T06:22:51Z,eight-puzzle,873337,0,0,132.08,110,1,4320,16,1
2016-03-12T06:23:11Z,eight-puzzle,875979,0,0,138.56,110,1,4260,16,1
2016-03-12T06:23:29Z,eight-puzzle,878863,0,0,99.2,110,1,4470,46,1
2016-03-12T06:23:46Z,eight-puzzle,881385,0,0,0,110,1,4320,25,1
2016-03-12T06:24:06Z,eight-puzzle,884331,0,0,117.2,110,1,4530,13,1
2016-03-12T06:24:22Z,eight-puzzle,887126,0,0,92.4,110,1,4080,15,1
2016-03-12T06:24:42Z,eight-puzzle,889784,0,0,95.31,110,1,4710,14,1
2016-03-12T06:25:00Z,eight-puzzle,892409,0,0,0,99,1,4140,13,1
2016-03-12T06:25:17Z,eight-puzzle,894386,0,0,135.03,99,1,3480,12,1
2016-03-12T06:25:37Z,eight-puzzle,896735,0,0,103.58,99,1,3510,18,1
2016-03-12T06:25:54Z,eight-puzzle,898778,0,0,61.77,99,1,3270,13,1
2016-03-12T06:26:13Z,eight-puzzle,900992,0,0,117.93,99,1,3930,10,1
2016-03-12T06:26:30Z,eight-puzzle,903262,0,0,77.44,99,1,3180,11,1
2016-03-12T06:26:49Z,eight-puzzle,905338,0,0,69.99,99,1,3390,12,1
2016-03-12T06:27:07Z,eight-puzzle,907748,0,0,82,99,1,3990,28,1
2016-03-12T06:27:26Z,eight-puzzle,909746,0,0,76.28,95,1,3360,20,1
2016-03-12T06:27:44Z,eight-puzzle,912070,0,0,66.23,95,1,3720,14,1
2016-03-12T06:28:02Z,eight-puzzle,914125,0,0,89.69,95,1,4170,18,1
2016-03-12T06:28:21Z,eight-puzzle,916378,0,0,89.95,95,1,3900,13,1
2016-03-12T06:28:37Z,eight-puzzle,918496,0,0,140.62,95,1,3810,12,1
2016-03-12T06:28:57Z,eight-puzzle,920588,0,0,64.68,95,1,3600,9,1
2016-03-12T06:29:15Z,eight-puzzle,922846,0,0,95.5,95,1,3660,12,1
2016-03-12T06:29:33Z,eight-puzzle,924819,0,0,102.45,95,1,3870,9,1
2016-03-12T06:29:52Z,eight-puzzle,927149,0,0,0,90,1,3420,17,1
2016-03-12T06:30:08Z,eight-puzzle,929277,0,0,85.86,91,1,3450,78,1
2016-03-12T06:30:28Z,eight-puzzle,931407,0,0,81.88,91,1,3570,14,1
2016-03-12T06:30:45Z,eight-puzzle,933688,0,0,84.15,91,1,3180,14,1
2016-03-12T06:31:03Z,eight-puzzle,935669,0,0,96.17,91,1,3630,11,1
2016-03-12T06:31:22Z,eight-puzzle,937977,0,0,120.5,91,1,4020,9,1
2016-03-12T06:31:39Z,eight-puzzle,940023,0,0,63.6,91,1,3030,12,1
2016-03-12T06:31:58Z,eight-puzzle,942266,0,0,84.82,91,1,3360,12,1
2016-03-12T06:32:15Z,eight-puzzle,944518,0,0,112.09,86,1,3990,12,1
2016-03-12T06:32:34Z,eight-puzzle,946549,0,0,116.36,87,1,4020,13,1
2016-03-12T06:32:52Z,eight-puzzle,948813,0,0,99.33,87,1,3750,13,1
2016-03-12T06:33:10Z,eight-puzzle,950879,0,0,90,87,1,4110,14,1
2016-03-12T06:33:29Z,eight-puzzle,953221,0,0,62.95,87,1,3810,13,1
2016-03-12T06:33:46Z,eight-puzzle,955282,0,0,116.65,87,1,3450,16,1
2016-03-12T06:34:05Z,eight-puzzle,957443,0,0,57.52,87,1,3150,12,1
2016-03-12T06:34:22Z,eight-puzzle,959681,0,0,101.37,87,1,3570,11,1
2016-03-12T06:34:41Z,eight-puzzle,961677,0,0,115.85,87,1,3900,12,1
2016-03-12T06:34:59Z,eight-puzzle,964014,0,0,91.89,84,1,4170,10,1
2016-03-12T06:35:17Z,eight-puzzle,966036,0,0,99.49,84,1,3750,14,1
2016-03-12T06:35:36Z,eight-puzzle,968325,0,0,91.21,84,1,3330,9,1
2016-03-12T06:35:55Z,eight-puzzle,970584,0,0,118.51,84,1,4050,12,1
2016-03-12T06:36:14Z,eight-puzzle,972840,0,0,0,85,1,3810,12,1
2016-03-12T06:36:30Z,eight-puzzle,974965,0,0,80.62,85,1,3510,10,1
2016-03-12T06:36:49Z,eight-puzzle,977046,0,0,80.74,85,1,3120,13,1
2016-03-12T06:37:07Z,eight-puzzle,979348,0,0,60.58,85,1,3270,10,1
2016-03-12T06:37:25Z,eight-puzzle,981307,0,0,83.56,82,1,3540,9,1
2016-03-12T06:37:44Z,eight-puzzle,983674,0,0,80.6,82,1,3990,9,1
2016-03-12T06:38:00Z,eight-puzzle,985733,0,0,100.48,82,1,3390,10,1
2016-03-12T06:38:20Z,eight-puzzle,987873,0,0,154.58,83,1,4170,15,1
2016-03-12T06:38:37Z,eight-puzzle,990145,0,0,116.27,84,1,3540,11,1
2016-03-12T06:38:55Z,eight-puzzle,992066,0,0,78,84,1,3240,8,1
2016-03-12T06:39:14Z,eight-puzzle,994436,0,0,75.71,84,1,3060,10,1
2016-03-12T06:39:31Z,eight-puzzle,996501,0,0,75.97,84,1,3450,10,1
2016-03-12T06:39:50Z,eight-puzzle,998718,0,0,83.62,79,1,3360,8,1
2016-03-12T06:40:07Z,eight-puzzle,1000942,0,0,101.08,79,1,3810,10,1
2016-03-12T06:40:26Z,eight-puzzle,1003084,0,0,0,79,1,3750,7,1
2016-03-12T06:40:44Z,eight-puzzle,1005384,0,0,86.38,79,1,3750,9,1
2016-03-12T06:41:02Z,eight-puzzle,1007331,0,0,114.74,79,1,3570,9,1
2016-03-12T06:41:21Z,eight-puzzle,1009615,0,0,75.94,79,1,3030,10,1
2016-03-12T06:41:37Z,eight-puzzle,1011723,0,0,123.28,79,1,3750,13,1
2016-03-12T06:41:57Z,eight-puzzle,1013849,0,0,78.81,79,1,3180,10,1
2016-03-12T06:42:14Z,eight-puzzle,1016142,0,0,65.42,79,1,4230,9,1
2016-03-12T06:42:32Z,eight-puzzle,1018119,0,0,60.6,78,1,3330,9,1
2016-03-12T06:42:51Z,eight-puzzle,1020473,0,0,91.1,78,1,3300,10,1
2016-03-12T06:43:08Z,eight-puzzle,1022571,0,0,91.77,78,1,3450,9,1
2016-03-12T06:43:27Z,eight-puzzle,1024797,0,0,81.77,78,1,3900,9,1
2016-03-12T06:43:44Z,eight-puzzle,1027028,0,0,118.02,78,1,3450,13,1
2016-03-12T06:44:03Z,eight-puzzle,1029093,0,0,82.63,78,1,3060,9,1
2016-03-12T06:44:21Z,eight-puzzle,1031432,0,0,78.81,78,1,3420,9,1
2016-03-12T06:44:39Z,eight-puzzle,1033389,0,0,92.5,78,1,3030,8,1
2016-03-12T06:44:58Z,eight-puzzle,1035795,0,0,84.14,76,1,3780,8,1
2016-03-12T06:45:15Z,eight-puzzle,1037866,0,0,89.58,76,1,3030,9,1
2016-03-12T06:45:34Z,eight-puzzle,1040089,0,0,75.14,76,1,3450,11,1
2016-03-12T06:45:51Z,eight-puzzle,1042305,0,0,123.86,76,1,3300,11,1
2016-03-12T06:46:10Z,eight-puzzle,1044339,0,0,103.21,76,1,3990,10,1
2016-03-12T06:46:29Z,eight-puzzle,1046642,0,0,105.86,77,1,3510,13,1
2016-03-12T06:46:46Z,eight-puzzle,1048679,0,0,0,77,1,3510,10,1
2016-03-12T06:47:06Z,eight-puzzle,1051016,0,0,100.6,77,1,3870,8,1
2016-03-12T06:47:21Z,eight-puzzle,1053143,0,0,94.39,76,1,3270,8,1
2016-03-12T06:47:41Z,eight-puzzle,1055248,0,0,84.16,76,1,3780,9,1
2016-03-12T06:47:59Z,eight-puzzle,1057545,0,0,99.2,76,1,3540,9,1
2016-03-12T06:48:17Z,eight-puzzle,1059515,0,0,75.98,76,1,3870,10,1
2016-03-12T06:48:36Z,eight-puzzle,1061877,0,0,112.3,76,1,3720,8,1
2016-03-12T06:48:52Z,eight-puzzle,1063992,0,0,0,76,1,3450,8,1
2016-03-12T06:49:11Z,eight-puzzle,1065987,0,0,0,76,1,4080,9,1
2016-03-12T06:49:28Z,eight-puzzle,1067330,0,0,63.15,76,1,2220,7,1
2016-03-12T06:49:47Z,eight-puzzle,1068586,0,0,70.61,75,1,2430,7,1
2016-03-12T06:50:05Z,eight-puzzle,1069975,0,0,44.85,75,1,1980,8,1
2016-03-12T06:50:23Z,eight-puzzle,1071143,0,0,66.77,75,1,2310,8,1
2016-03-12T06:50:42Z,eight-puzzle,1072533,0,0,69.38,75,1,2220,7,1
2016-03-12T06:50:59Z,eight-puzzle,1073783,0,0,34.78,75,1,2220,9,1
2016-03-12T06:51:17Z,eight-puzzle,1075114,0,0,56.17,75,1,2130,7,1
2016-03-12T06:51:34Z,eight-puzzle,1076477,0,0,43.73,75,1,2100,9,1
2016-03-12T06:51:53Z,eight-puzzle,1077744,0,0,57.87,75,1,1980,8,1
2016-03-12T06:52:11Z,eight-puzzle,1079116,0,0,40.63,75,1,2160,7,1
2016-03-12T06:52:29Z,eight-puzzle,1080292,0,0,58.42,74,1,2460,8,1
2016-03-12T06:52:48Z,eight-puzzle,1081669,0,0,43.66,74,1,1620,10,1
2016-03-12T06:53:05Z,eight-puzzle,1082924,0,0,46.06,74,1,1920,8,1
2016-03-12T06:53:24Z,eight-puzzle,1084261,0,0,55.45,74,1,2160,7,1
2016-03-12T06:53:40Z,eight-puzzle,1085569,0,0,49.37,74,1,1950,7,1
2016-03-12T06:53:59Z,eight-puzzle,1086826,0,0,40.56,74,1,1890,6,1
2016-03-12T06:54:17Z,eight-puzzle,1088221,0,0,69.88,74,1,2160,7,1
2016-03-12T06:54:35Z,eight-puzzle,1089375,0,0,45.35,74,1,2130,7,1
2016-03-12T06:54:54Z,eight-puzzle,1090748,0,0,53.98,72,1,1860,8,1
2016-03-12T06:55:11Z,eight-puzzle,1091995,0,0,63.28,72,1,2250,8,1
2016-03-12T06:55:30Z,eight-puzzle,1093343,0,0,49.31,72,1,2160,7,1
2016-03-12T06:55:46Z,eight-puzzle,1094637,0,0,87.43,72,1,2430,9,1
2016-03-12T06:56:05Z,eight-puzzle,1095878,0,0,61.11,72,1,2130,8,1
2016-03-12T06:56:23Z,eight-puzzle,1097092,0,0,33.17,72,1,1620,8,1
2016-03-12T06:56:41Z,eight-puzzle,1097724,0,0,23.08,72,1,1200,6,0
2016-03-12T06:57:00Z,eight-puzzle,1098486,0,0,25.13,72,1,1080,7,0
2016-03-12T06:57:17Z,eight-puzzle,1099163,0,0,36.22,70,1,1290,7,1
2016-03-12T06:57:35Z,eight-puzzle,1099903,0,0,39.86,70,1,1110,7,0
2016-03-12T06:57:51Z,eight-puzzle,1100608,0,0,18.42,70,1,990,6,0
2016-03-12T06:58:10Z,eight-puzzle,1101317,0,0,23.79,70,1,1170,6,0
2016-03-12T06:58:27Z,eight-puzzle,1102048,0,0,27.14,70,1,960,7,0
2016-03-12T06:58:46Z,eight-puzzle,1102742,0,0,26.16,70,1,1230,7,0
2016-03-12T06:59:04Z,eight-puzzle,1103513,0,0,41.15,70,1,1320,7,1
2016-03-12T06:59:21Z,eight-puzzle,1104132,0,0,27.46,70,1,1080,6,0
2016-03-12T06:59:40Z,eight-puzzle,1104880,0,0,28.45,70,1,1260,6,0
2016-03-12T06:59:57Z,eight-puzzle,1105570,0,0,29.45,68,1,1230,6,0
2016-03-12T07:00:16Z,eight-puzzle,1106304,0,0,32.64,68,1,1170,6,0
2016-03-12T07:00:32Z,eight-puzzle,1106984,0,0,21.65,68,1,930,6,0
2016-03-12T07:00:51Z,eight-puzzle,1107689,0,0,25.68,68,1,1170,7,0
2016-03-12T07:01:08Z,eight-puzzle,1108412,0,0,34.39,68,1,1260,7,0
2016-03-12T07:01:26Z,eight-puzzle,1109099,0,0,42.9,68,1,1530,7,1
2016-03-12T07:01:45Z,eight-puzzle,1109871,0,0,35.44,68,1,1350,7,1
2016-03-12T07:02:02Z,eight-puzzle,1110528,0,0,34.94,68,1,780,7,0
2016-03-12T07:02:21Z,eight-puzzle,1111298,0,0,33.35,64,1,1080,7,0
2016-03-12T07:02:38Z,eight-puzzle,1111671,0,0,4.97,64,1,240,7,0
2016-03-12T07:02:56Z,eight-puzzle,1111811,0,0,5.24,64,1,240,6,0
2016-03-12T07:03:12Z,eight-puzzle,1111947,0,0,8.57,64,1,270,6,0
2016-03-12T07:03:31Z,eight-puzzle,1112088,0,0,6.64,64,1,270,6,0
2016-03-12T07:03:47Z,eight-puzzle,1112217,0,0,1.77,64,1,120,6,0
2016-03-12T07:04:06Z,eight-puzzle,1112369,0,0,2.82,64,1,240,6,0
2016-03-12T07:04:23Z,eight-puzzle,1112518,0,0,5.59,64,1,150,6,0
2016-03-12T07:04:42Z,eight-puzzle,1112658,0,0,5.44,64,1,120,6,0
2016-03-12T07:05:00Z,eight-puzzle,1112811,0,0,9.32,62,1,270,7,0
2016-03-12T07:05:17Z,eight-puzzle,1112934,0,0,5.17,62,1,270,7,0
2016-03-12T07:05:36Z,eight-puzzle,1113084,0,0,4.84,62,1,300,7,0
2016-03-12T07:05:53Z,eight-puzzle,1113223,0,0,12.26,62,1,300,7,0
2016-03-12T07:06:11Z,eight-puzzle,1113362,0,0,9.92,62,1,330,7,0
2016-03-12T07:06:28Z,eight-puzzle,1113497,0,0,1.7,63,1,150,7,0
2016-03-12T07:06:47Z,eight-puzzle,1113640,0,0,7.72,63,1,210,8,0
2016-03-12T07:07:02Z,eight-puzzle,1113772,0,0,2.08,63,1,180,7,0
2016-03-12T07:07:21Z,eight-puzzle,1113906,0,0,3.05,62,1,240,7,0
2016-03-12T07:07:38Z,eight-puzzle,1114052,0,0,6.62,62,1,270,7,0
2016-03-12T07:07:57Z,eight-puzzle,1114182,0,0,4.96,62,1,120,7,0
2016-03-12T07:08:14Z,eight-puzzle,1114342,0,0,8.85,62,1,210,7,0
2016-03-12T07:08:32Z,eight-puzzle,1114481,0,0,2.57,62,1,120,7,0
2016-03-12T07:08:50Z,eight-puzzle,1114622,0,0,4.04,62,1,240,7,0
2016-03-12T07:09:08Z,eight-puzzle,1114752,0,0,2.72,62,1,180,7,0
2016-03-12T07:09:26Z,eight-puzzle,1114913,0,0,7.69,62,1,180,6,0
2016-03-12T07:09:43Z,eight-puzzle,1115043,0,0,5.94,62,1,180,7,0
2016-03-12T07:10:02Z,eight-puzzle,1115201,0,0,6.57,58,1,270,7,0
2016-03-12T07:10:19Z,eight-puzzle,1115333,0,0,14.87,58,1,90,7,0
2016-03-12T07:10:38Z,eight-puzzle,1115483,0,0,2.32,58,1,150,7,0
2016-03-12T07:10:54Z,eight-puzzle,1115619,0,0,4.71,58,1,120,7,0
2016-03-12T07:11:13Z,eight-puzzle,1115762,0,0,15.08,58,1,180,7,0
2016-03-12T07:11:29Z,eight-puzzle,1115909,0,0,2.44,60,1,180,7,0
2016-03-12T07:11:48Z,eight-puzzle,1116047,0,0,9.37,60,1,330,6,0
2016-03-12T07:12:04Z,eight-puzzle,1116196,0,0,9.15,60,1,240,7,0
2016-03-12T07:12:23Z,eight-puzzle,1116323,0,0,9.08,60,1,270,7,0
2016-03-12T07:12:41Z,eight-puzzle,1116477,0,0,0.35,60,1,30,7,0
2016-03-12T07:12:58Z,eight-puzzle,1116609,0,0,11.53,60,1,210,7,0
2016-03-12T07:13:17Z,eight-puzzle,1116757,0,0,7.38,60,1,390,7,0
2016-03-12T07:13:34Z,eight-puzzle,1116891,0,0,2.25,60,1,210,7,0
2016-03-12T07:13:53Z,eight-puzzle,1117046,0,0,1.66,60,1,240,7,0
2016-03-12T07:14:10Z,eight-puzzle,1117176,0,0,1.67,60,1,270,6,0
2016-03-12T07:14:29Z,eight-puzzle,1117321,0,0,4.08,60,1,210,7,0
2016-03-12T07:14:45Z,eight-puzzle,1117463,0,0,10.58,59,1,300,7,0
2016-03-12T07:15:04Z,eight-puzzle,1117604,0,0,5.57,59,1,90,7,0
2016-03-12T07:15:20Z,eight-puzzle,1117748,0,0,7.64,59,1,270,7,0
2016-03-12T07:15:39Z,eight-puzzle,1117886,0,0,7.65,59,1,330,7,0
2016-03-12T07:15:55Z,eight-puzzle,1118017,0,0,3.07,59,1,210,7,0
2016-03-12T07:16:14Z,eight-puzzle,1118154,0,0,2.62,59,1,180,7,0
2016-03-12T07:16:31Z,eight-puzzle,1118287,0,0,10.67,59,1,210,7,0
2016-03-12T07:16:50Z,eight-puzzle,1118424,0,0,10.09,59,1,240,7,0
2016-03-12T07:17:07Z,eight-puzzle,1118579,0,0,8.76,59,1,180,6,0
2016-03-12T07:17:25Z,eight-puzzle,1118706,0,0,2.27,59,1,270,6,0
2016-03-12T07:17:43Z,eight-puzzle,1118870,0,0,2.96,59,1,240,6,0
2016-03-12T07:18:01Z,eight-puzzle,1118996,0,0,6.47,59,1,150,7,0
2016-03-12T07:18:19Z,eight-puzzle,1119157,0,0,7.76,59,1,270,7,0
2016-03-12T07:18:37Z,eight-puzzle,1119301,0,0,29.03,59,1,300,7,0
2016-03-12T07:18:55Z,eight-puzzle,1119440,0,0,3.76,59,1,300,7,0
2016-03-12T07:19:12Z,eight-puzzle,1119572,0,0,15.07,59,1,360,7,0
2016-03-12T07:19:31Z,eight-puzzle,1119713,0,0,6.57,59,1,210,7,0
2016-03-12T07:19:46Z,eight-puzzle,1119854,0,0,14.39,59,1,330,7,0
2016-03-12T07:20:05Z,eight-puzzle,1119987,0,0,4.67,59,1,240,7,0
2016-03-12T07:20:22Z,eight-puzzle,1120134,0,0,0.79,59,1,60,7,0
2016-03-12T07:20:41Z,eight-puzzle,1120278,0,0,3,60,1,210,8,0
2016-03-12T07:20:59Z,eight-puzzle,1121881,0,0,265.85,107,1,8430,1027,1
2016-03-12T07:21:16Z,eight-puzzle,1123737,0,0,90.83,112,1,4110,36,1
2016-03-12T07:21:36Z,eight-puzzle,1126165,0,0,89.43,112,1,3270,9,1
2016-03-12T07:21:53Z,eight-puzzle,1128241,0,0,96.79,112,1,3600,8,1
2016-03-12T07:22:13Z,eight-puzzle,1130485,0,0,52.68,112,1,3390,9,1
2016-03-12T07:22:29Z,eight-puzzle,1132616,0,0,102.39,112,1,3330,9,1
2016-03-12T07:22:48Z,eight-puzzle,1134723,0,0,74.77,112,1,3450,7,1
2016-03-12T07:23:06Z,eight-puzzle,1137067,0,0,77.43,112,1,3870,12,1
2016-03-12T07:23:24Z,eight-puzzle,1139020,0,0,69.56,112,1,3300,10,1
2016-03-12T07:23:43Z,eight-puzzle,1141360,0,0,133.55,112,2,2025,19,1
2016-03-12T07:24:04Z,eight-puzzle,1143759,0,0,55.595,75,2,1725,7,1
2016-03-12T07:24:23Z,eight-puzzle,1146312,0,0,58.845,76,2,2025,9,1
2016-03-12T07:24:44Z,eight-puzzle,1148630,0,0,38.82,76,2,1950,8,1
2016-03-12T07:25:03Z,eight-puzzle,1151051,0,0,40.824997,76,2,1695,8,1
2016-03-12T07:25:24Z,eight-puzzle,1153369,0,0,51.61,76,2,2025,8,1
2016-03-12T07:25:43Z,eight-puzzle,1155709,0,0,40.62,76,2,1620,8,1
2016-03-12T07:26:04Z,eight-puzzle,1158233,0,0,34.510002,76,2,1845,11,1
2016-03-12T07:26:25Z,eight-puzzle,1160710,0,0,53.345,76,2,1995,8,1
2016-03-12T07:26:44Z,eight-puzzle,1163193,0,0,41.075,76,2,1950,7,1
2016-03-12T07:27:06Z,eight-puzzle,1165598,0,0,56.059998,76,2,2085,9,1
2016-03-12T07:27:25Z,eight-puzzle,1167968,0,0,20.61,70,2,1905,10,1
2016-03-12T07:27:46Z,eight-puzzle,1170492,0,0,50.515,70,2,1875,9,1
2016-03-12T07:28:07Z,eight-puzzle,1172933,0,0,37.114998,70,2,1905,8,1
2016-03-12T07:28:26Z,eight-puzzle,1175454,0,0,50.165,70,2,1965,13,1
2016-03-12T07:28:48Z,eight-puzzle,1177820,0,0,39.875,71,2,1875,9,1
2016-03-12T07:29:07Z,eight-puzzle,1180155,0,0,34.815,71,2,1830,8,1
2016-03-12T07:29:28Z,eight-puzzle,1182625,0,0,40.504997,71,2,2040,8,1
2016-03-12T07:29:49Z,eight-puzzle,1185088,0,0,58.699997,64,2,1770,8,1
2016-03-12T07:30:08Z,eight-puzzle,1187609,0,0,47.65,64,2,1770,8,1
2016-03-12T07:30:29Z,eight-puzzle,1189991,0,0,34.09,64,2,2085,12,1
2016-03-12T07:30:48Z,eight-puzzle,1192316,0,0,50.22,64,2,1740,8,1
2016-03-12T07:31:09Z,eight-puzzle,1194804,0,0,35.015,64,2,1875,8,1
2016-03-12T07:31:31Z,eight-puzzle,1197314,0,0,49.535,64,2,1995,8,1
2016-03-12T07:31:50Z,eight-puzzle,1199815,0,0,21.475,65,2,1695,8,1
2016-03-12T07:32:11Z,eight-puzzle,1202179,0,0,23.59,65,2,1680,12,1
2016-03-12T07:32:30Z,eight-puzzle,1204521,0,0,52.645,61,2,1905,8,1
2016-03-12T07:32:51Z,eight-puzzle,1206965,0,0,36.585,61,2,1590,9,1
2016-03-12T07:33:12Z,eight-puzzle,1209389,0,0,41.045,61,2,1590,7,1
2016-03-12T07:33:31Z,eight-puzzle,1212576,0,0,62.555,71,2,2250,41,1
2016-03-12T07:33:53Z,eight-puzzle,1215751,0,0,57.055,71,3,1540,16,1
2016-03-12T07:34:15Z,eight-puzzle,1219362,0,0,42.149998,60,3,1660,12,1
2016-03-12T07:34:35Z,eight-puzzle,1222920,0,0,42.906666,61,3,1730,16,1
2016-03-12T07:34:59Z,eight-puzzle,1226408,0,0,47.61,59,3,1630,9,1
2016-03-12T07:35:22Z,eight-puzzle,1230135,0,0,54.303333,59,3,1430,13,1
2016-03-12T07:35:45Z,eight-puzzle,1233744,0,0,32.180004,59,3,1520,12,1
2016-03-12T07:36:05Z,eight-puzzle,1237233,0,0,51.703335,60,3,1720,17,1
2016-03-12T07:36:28Z,eight-puzzle,1240656,0,0,45.786667,60,3,1360,11,1
2016-03-12T07:36:52Z,eight-puzzle,1244466,0,0,31.883331,60,3,1590,24,1
2016-03-12T07:37:15Z,eight-puzzle,1248068,0,0,42.656666,60,3,1760,12,1
2016-03-12T07:37:36Z,eight-puzzle,1251566,0,0,44.273335,59,3,1770,17,1
2016-03-12T07:37:58Z,eight-puzzle,1255242,0,0,43.396667,59,3,1490,10,1
2016-03-12T07:38:21Z,eight-puzzle,1258716,0,0,20.26,59,3,1720,13,1
2016-03-12T07:38:44Z,eight-puzzle,1262385,0,0,37.583332,60,3,1660,16,1
2016-03-12T07:39:06Z,eight-puzzle,1265865,0,0,36.45,59,3,1380,13,1
2016-03-12T07:39:27Z,eight-puzzle,1269543,0,0,24.606667,59,3,1290,14,1
2016-03-12T07:39:51Z,eight-puzzle,1273059,0,0,52.516666,57,3,1520,19,1
2016-03-12T07:40:15Z,eight-puzzle,1276892,0,0,34.550003,57,3,1560,15,1
2016-03-12T07:40:37Z,eight-puzzle,1280361,0,0,27.506668,57,3,1600,15,1
2016-03-12T07:40:58Z,eight-puzzle,1284164,0,0,42.99667,57,3,1600,15,1
2016-03-12T07:41:22Z,eight-puzzle,1287694,0,0,26.65,56,3,1470,12,1
2016-03-12T07:41:46Z,eight-puzzle,1291384,0,0,44.61,56,3,1660,12,1
2016-03-12T07:42:09Z,eight-puzzle,1295059,0,0,34.463333,56,3,1640,16,1
2016-03-12T07:42:30Z,eight-puzzle,1298608,0,0,0,55,3,1690,16,1
2016-03-12T07:42:51Z,eight-puzzle,1302216,0,0,34.783333,55,3,1720,9,1
2016-03-12T07:43:15Z,eight-puzzle,1305697,0,0,36.01,55,3,1580,13,1
2016-03-12T07:43:39Z,eight-puzzle,1309488,0,0,47.809998,55,3,1580,13,1
2016-03-12T07:44:01Z,eight-puzzle,1313041,0,0,38.25333,54,3,1810,15,1
2016-03-12T07:44:22Z,eight-puzzle,1316726,0,0,31.19,54,3,1590,15,1
2016-03-12T07:44:46Z,eight-puzzle,1320226,0,0,39.69,54,3,1810,8,1
2016-03-12T07:45:09Z,eight-puzzle,1322418,0,0,2.05,53,3,90,10,0
2016-03-12T07:45:31Z,eight-puzzle,1322594,0,0,5.0833335,53,3,60,9,0
2016-03-12T07:45:53Z,eight-puzzle,1322763,0,0,0.98,53,3,120,8,0
2016-03-12T07:46:13Z,eight-puzzle,1322946,0,0,2.2066667,53,3,60,8,0
2016-03-12T07:46:36Z,eight-puzzle,1323120,0,0,3.2333333,53,3,100,7,0
2016-03-12T07:46:59Z,eight-puzzle,1323300,0,0,1.56,53,3,20,7,0
2016-03-12T07:47:22Z,eight-puzzle,1323480,0,0,0.98,53,3,70,7,0
2016-03-12T07:47:44Z,eight-puzzle,1323663,0,0,1.0366668,53,3,80,7,0
2016-03-12T07:48:06Z,eight-puzzle,1323829,0,0,1.7566667,53,3,90,7,0
2016-03-12T07:48:26Z,eight-puzzle,1323999,0,0,0.67333335,53,4,37,7,0
2016-03-12T07:48:49Z,eight-puzzle,1324181,0,0,1.7724999,48,4,52,7,0
2016-03-12T07:49:12Z,eight-puzzle,1324376,0,0,2.6925,48,4,45,7,0
2016-03-12T07:49:37Z,eight-puzzle,1324559,0,0,2.2625,48,4,22,7,0
2016-03-12T07:50:01Z,eight-puzzle,1324762,0,0,0.3875,47,4,60,7,0
2016-03-12T07:50:25Z,eight-puzzle,1324958,0,0,1.1350001,47,4,45,7,0
2016-03-12T07:50:50Z,eight-puzzle,1325151,0,0,1.725,48,4,60,7,0
2016-03-12T07:51:14Z,eight-puzzle,1325347,0,0,0.91999996,48,4,82,7,0
2016-03-12T07:51:39Z,eight-puzzle,1325537,0,0,0.68,45,4,37,7,0
2016-03-12T07:52:03Z,eight-puzzle,1325737,0,0,1.2950001,45,4,52,7,0
2016-03-12T07:52:28Z,eight-puzzle,1325936,0,0,4.6724997,43,4,75,7,0
2016-03-12T07:52:52Z,eight-puzzle,1326127,0,0,1.045,43,4,60,7,0
2016-03-12T07:53:17Z,eight-puzzle,1326335,0,0,0.6375,43,4,82,7,0
2016-03-12T07:53:41Z,eight-puzzle,1326525,0,0,2.235,43,4,67,7,0
2016-03-12T07:54:06Z,eight-puzzle,1326727,0,0,1.5475,42,4,97,7,0
2016-03-12T07:54:31Z,eight-puzzle,1326926,0,0,0.77,42,4,75,6,0
2016-03-12T07:54:55Z,eight-puzzle,1327129,0,0,1.1775,42,4,67,7,0
2016-03-12T07:55:19Z,eight-puzzle,1327326,0,0,0.43,42,4,15,7,0
2016-03-12T07:55:44Z,eight-puzzle,1327519,0,0,0.63,42,4,75,7,0
2016-03-12T07:56:09Z,eight-puzzle,1327719,0,0,2.51,42,4,45,7,0
2016-03-12T07:56:33Z,eight-puzzle,1327915,0,0,2.0600002,42,4,52,7,0
2016-03-12T07:56:58Z,eight-puzzle,1328110,0,0,0.77750003,42,4,52,6,0
2016-03-12T07:57:22Z,eight-puzzle,1328304,0,0,1.8850001,41,4,45,7,0
2016-03-12T07:57:47Z,eight-puzzle,1328498,0,0,1.4199998,41,4,52,7,0
2016-03-12T07:58:11Z,eight-puzzle,1328696,0,0,2.0925,41,4,60,7,0
2016-03-12T07:58:34Z,eight-puzzle,1328865,0,0,2.6166666,36,3,30,7,0
2016-03-12T07:58:57Z,eight-puzzle,1329057,0,0,1.5833334,36,3,70,7,0
2016-03-12T07:59:20Z,eight-puzzle,1329238,0,0,0.66,36,3,60,6,0
2016-03-12T07:59:42Z,eight-puzzle,1329410,0,0,1.2633333,36,3,40,6,0
2016-03-12T08:00:01Z,eight-puzzle,1329589,0,0,2.4233334,36,3,70,6,0
2016-03-12T08:00:24Z,eight-puzzle,1329753,0,0,1.7133335,36,3,40,6,0
2016-03-12T08:00:47Z,eight-puzzle,1329932,0,0,3.7666667,36,3,60,6,0
2016-03-12T08:01:10Z,eight-puzzle,1330112,0,0,3.1366665,36,3,80,6,0
2016-03-12T08:01:32Z,eight-puzzle,1330294,0,0,3.1599998,36,3,100,6,0
2016-03-12T08:01:54Z,eight-puzzle,1330467,0,0,1.0099999,36,3,60,6,0
2016-03-12T08:02:14Z,eight-puzzle,1330638,0,0,0.9866667,36,3,50,6,0
2016-03-12T08:02:36Z,eight-puzzle,1330804,0,0,1.8066667,36,3,60,6,0
2016-03-12T08:02:59Z,eight-puzzle,1330983,0,0,1.09,36,3,90,7,0
2016-03-12T08:03:22Z,eight-puzzle,1331160,0,0,1.3433334,36,2,90,6,0
2016-03-12T08:03:41Z,eight-puzzle,1331310,0,0,1.11,36,2,150,6,0
2016-03-12T08:04:01Z,eight-puzzle,1331475,0,0,2.49,37,2,180,6,0
2016-03-12T08:04:22Z,eight-puzzle,1331630,0,0,1.55,37,2,90,6,0
2016-03-12T08:04:40Z,eight-puzzle,1331778,0,0,3.03,37,2,150,7,0
2016-03-12T08:05:01Z,eight-puzzle,1331934,0,0,1.135,37,2,30,7,0
2016-03-12T08:05:22Z,eight-puzzle,1332112,0,0,2.82,38,2,75,7,0
2016-03-12T08:05:40Z,eight-puzzle,1332259,0,0,1.23,38,2,165,7,0
2016-03-12T08:06:01Z,eight-puzzle,1332417,0,0,1.57,38,2,180,7,0
2016-03-12T08:06:20Z,eight-puzzle,1332569,0,0,2.4499998,38,2,45,6,0
2016-03-12T08:06:39Z,eight-puzzle,1332737,0,0,2.51,38,2,105,6,0
2016-03-12T08:07:00Z,eight-puzzle,1332896,0,0,5.12,38,2,165,6,0
2016-03-12T08:07:19Z,eight-puzzle,1333046,0,0,5.735,38,2,120,6,0
2016-03-12T08:07:39Z,eight-puzzle,1333211,0,0,1.4150001,38,2,75,6,0
2016-03-12T08:08:00Z,eight-puzzle,1333372,0,0,1.395,38,2,45,6,0
2016-03-12T08:08:19Z,eight-puzzle,1333525,0,0,2.9850001,38,2,150,6,0
2016-03-12T08:08:38Z,eight-puzzle,1333667,0,0,3.49,42,1,360,6,0
2016-03-12T08:08:53Z,eight-puzzle,1333804,0,0,14.13,42,1,180,6,0
2016-03-12T08:09:12Z,eight-puzzle,1333948,0,0,3.12,42,1,150,6,0
2016-03-12T08:09:29Z,eight-puzzle,1334099,0,0,15.13,42,1,270,7,0
2016-03-12T08:09:48Z,eight-puzzle,1334232,0,0,23.11,42,1,390,7,0
2016-03-12T08:10:05Z,eight-puzzle,1334395,0,0,6.67,42,1,300,7,0
2016-03-12T08:10:23Z,eight-puzzle,1334518,0,0,5.24,42,1,270,7,0
2016-03-12T08:10:41Z,eight-puzzle,1334664,0,0,5.62,42,1,210,6,0
2016-03-12T08:10:59Z,eight-puzzle,1334797,0,0,2.16,42,1,120,7,0
2016-03-12T08:11:17Z,eight-puzzle,1334955,0,0,1.9,41,1,210,7,0
2016-03-12T08:11:34Z,eight-puzzle,1335093,0,0,4.61,41,1,180,7,0
2016-03-12T08:11:53Z,eight-puzzle,1335239,0,0,2.37,41,1,240,7,0
2016-03-12T08:12:10Z,eight-puzzle,1335372,0,0,1.95,41,1,90,7,0
2016-03-12T08:12:29Z,eight-puzzle,1335519,0,0,6.38,41,1,210,7,0
2016-03-12T08:12:45Z,eight-puzzle,1335648,0,0,4.82,41,1,180,7,0
2016-03-12T08:13:04Z,eight-puzzle,1335797,0,0,3.49,41,1,270,6,0
2016-03-12T08:13:20Z,eight-puzzle,1335944,0,0,5.04,41,1,330,6,0
2016-03-12T08:13:41Z,eight-puzzle,1336078,0,0,2.52,39,1,210,7,0
2016-03-12T08:14:00Z,eight-puzzle,1336240,0,0,3.49,34,1,330,7,0
2016-03-12T08:14:27Z,eight-puzzle,1336456,0,0,3.53,30,1,180,7,0
2016-03-12T08:14:45Z,eight-puzzle,1336605,0,0,1.81,30,1,150,7,0
2016-03-12T08:15:05Z,eight-puzzle,1336755,0,0,8.14,27,1,240,8,0
2016-03-12T08:15:22Z,eight-puzzle,1336919,0,0,10.63,27,1,180,8,0
2016-03-12T08:15:41Z,eight-puzzle,1337064,0,0,1.93,26,1,270,7,0
2016-03-12T08:15:59Z,eight-puzzle,1337206,0,0,4.9,26,1,330,7,0
2016-03-12T08:16:18Z,eight-puzzle,1337349,0,0,6.4,25,1,300,8,0
2016-03-12T08:16:36Z,eight-puzzle,1337496,0,0,3.57,25,1,150,8,0
2016-03-12T08:16:56Z,eight-puzzle,1337658,0,0,15.81,24,1,360,8,0
2016-03-12T08:17:14Z,eight-puzzle,1337822,0,0,14.21,24,1,180,7,0
2016-03-12T08:17:33Z,eight-puzzle,1337952,0,0,2.13,24,1,210,7,0
2016-03-12T08:17:53Z,eight-puzzle,1338114,0,0,4.89,23,1,120,7,0
2016-03-12T08:18:12Z,eight-puzzle,1338249,0,0,3.71,23,1,90,7,0
2016-03-12T08:18:30Z,eight-puzzle,1338381,0,0,4.25,23,1,150,7,0
2016-03-12T08:18:50Z,eight-puzzle,1338393,0,0,0.05,23,1,30,7,0
2016-03-12T08:19:06Z,eight-puzzle,1338407,0,0,0.02,23,1,0,7,0
2016-03-12T08:19:25Z,eight-puzzle,1338424,0,0,0.62,23,1,0,7,0
2016-03-12T08:19:42Z,eight-puzzle,1338436,0,0,0.03,23,1,0,7,0
2016-03-12T08:20:00Z,eight-puzzle,1338450,0,0,0.89,23,1,30,7,0
2016-03-12T08:20:19Z,eight-puzzle,1338467,0,0,6.07,23,1,30,7,0
2016-03-12T08:20:36Z,eight-puzzle,1338479,0,0,0.35,23,1,0,7,0
2016-03-12T08:20:55Z,eight-puzzle,1338496,0,0,0.43,23,1,30,7,0

